S0-F0,S0-F0 sim,S0-F1,S0-F1 sim,S0-F2,S0-F2 sim,S0-F3,S0-F3 sim,S1-F0,S1-F0 sim,S1-F1,S1-F1 sim,S1-F2,S1-F2 sim,S1-F3,S1-F3 sim,S2-F0,S2-F0 sim,S2-F1,S2-F1 sim,S2-F2,S2-F2 sim,S2-F3,S2-F3 sim,S3-F0,S3-F0 sim,S3-F1,S3-F1 sim,S3-F2,S3-F2 sim,S3-F3,S3-F3 sim,S4-F0,S4-F0 sim,S4-F1,S4-F1 sim,S4-F2,S4-F2 sim,S4-F3,S4-F3 sim,S5-F0,S5-F0 sim,S5-F1,S5-F1 sim,S5-F2,S5-F2 sim,S5-F3,S5-F3 sim,S6-F0,S6-F0 sim,S6-F1,S6-F1 sim,S6-F2,S6-F2 sim,S6-F3,S6-F3 sim,S7-F0,S7-F0 sim,S7-F1,S7-F1 sim,S7-F2,S7-F2 sim,S7-F3,S7-F3 sim,S8-F0,S8-F0 sim,S8-F1,S8-F1 sim,S8-F2,S8-F2 sim,S8-F3,S8-F3 sim,S9-F0,S9-F0 sim,S9-F1,S9-F1 sim,S9-F2,S9-F2 sim,S9-F3,S9-F3 sim,S10-F0,S10-F0 sim,S10-F1,S10-F1 sim,S10-F2,S10-F2 sim,S10-F3,S10-F3 sim,S11-F0,S11-F0 sim,S11-F1,S11-F1 sim,S11-F2,S11-F2 sim,S11-F3,S11-F3 sim,S12-F0,S12-F0 sim,S12-F1,S12-F1 sim,S12-F2,S12-F2 sim,S12-F3,S12-F3 sim,S13-F0,S13-F0 sim,S13-F1,S13-F1 sim,S13-F2,S13-F2 sim,S13-F3,S13-F3 sim,S14-F0,S14-F0 sim,S14-F1,S14-F1 sim,S14-F2,S14-F2 sim,S14-F3,S14-F3 sim,S15-F0,S15-F0 sim,S15-F1,S15-F1 sim,S15-F2,S15-F2 sim,S15-F3,S15-F3 sim,S16-F0,S16-F0 sim,S16-F1,S16-F1 sim,S16-F2,S16-F2 sim,S16-F3,S16-F3 sim,S17-F0,S17-F0 sim,S17-F1,S17-F1 sim,S17-F2,S17-F2 sim,S17-F3,S17-F3 sim,S18-F0,S18-F0 sim,S18-F1,S18-F1 sim,S18-F2,S18-F2 sim,S18-F3,S18-F3 sim,S19-F0,S19-F0 sim,S19-F1,S19-F1 sim,S19-F2,S19-F2 sim,S19-F3,S19-F3 sim,S20-F0,S20-F0 sim,S20-F1,S20-F1 sim,S20-F2,S20-F2 sim,S20-F3,S20-F3 sim,S21-F0,S21-F0 sim,S21-F1,S21-F1 sim,S21-F2,S21-F2 sim,S21-F3,S21-F3 sim,S22-F0,S22-F0 sim,S22-F1,S22-F1 sim,S22-F2,S22-F2 sim,S22-F3,S22-F3 sim,S23-F0,S23-F0 sim,S23-F1,S23-F1 sim,S23-F2,S23-F2 sim,S23-F3,S23-F3 sim,S24-F0,S24-F0 sim,S24-F1,S24-F1 sim,S24-F2,S24-F2 sim,S24-F3,S24-F3 sim,S25-F0,S25-F0 sim,S25-F1,S25-F1 sim,S25-F2,S25-F2 sim,S25-F3,S25-F3 sim,S26-F0,S26-F0 sim,S26-F1,S26-F1 sim,S26-F2,S26-F2 sim,S26-F3,S26-F3 sim
0.6868073,IL6(t) > c(high) and IL6(t) < c(low),N/A,N/A,N/A,N/A,N/A,N/A,0.6282004,"globally[1,∞](d_IL6(t) < d_c(high))",N/A,N/A,N/A,N/A,N/A,N/A,N/A,N/A,N/A,N/A,N/A,N/A,N/A,N/A,,,,,,,,,,,,,,,,,,,,,,,,,,,,,,,,,,,,,,,,,,,,,,,,,,,,,,,,,,,,,,,,,,,,,,,,,,,,,,,,,,,,,,,,,,,,,,,,,,,,,,,,,,,,,,,,,,,,,,,,,,,,,,,,,,,,,,,,,,,,,,,,,,,,,,,,,,,,,,,,,,,,,,,,,,,,,,,,,,,,,,,,,,,,,,,,
0.7160704,"IL6(t) > c(mid) and eventually[0,∞]globally(d_IFNβ(t) < d_c(high) and IL8(t)=c(low))",N/A,N/A,N/A,N/A,N/A,N/A,0.71838117,"eventually[1, ∞]globally(IL6(t) > c(high) and d_IL6(t) = d_c(low))",N/A,N/A,N/A,N/A,N/A,N/A,0.65434444,"d_IL6(t) = d_c(low) implies IL1RN(t) < c(low) and eventually[0,∞] globally(IL8(t) > c(high) implies IL1RN(t) < c(low))",N/A,N/A,N/A,N/A,N/A,N/A,N/A,N/A,N/A,N/A,0.45553476,"eventually[14,∞]globally(IFNβ(t) < c(low) implies d_IL1Ra(t)=d_c(high))",N/A,N/A,0.47704363,IL8(t) > c(mid) implies d_IL1Ra(t) > d_c(low),N/A,N/A,N/A,N/A,N/A,N/A,N/A,N/A,N/A,N/A,N/A,N/A,N/A,N/A,0.6416937,IL6(t) > c(high) implies d_IL6(t) < d_c(high),N/A,N/A,N/A,N/A,N/A,N/A,0.68944657,IL6(t) = c(mid) implies d_IL6(t) < 0,N/A,N/A,N/A,N/A,N/A,N/A,N/A,N/A,N/A,N/A,N/A,N/A,N/A,N/A,0.6697937,"IL6(t) = c(high) and eventually[0,1]globally(d_IL6(t) < d_c(low)) implies globally[11,∞](d_IFNα(t) > 0)",N/A,N/A,N/A,N/A,N/A,N/A,0.7022228,"eventually[7,∞]globally(IL1Ra(t)=c(mid)) implies globally[3,∞](IL6(t) < c(high))",N/A,N/A,N/A,N/A,N/A,N/A,N/A,N/A,N/A,N/A,N/A,N/A,N/A,N/A,N/A,N/A,N/A,N/A,N/A,N/A,N/A,N/A,N/A,N/A,N/A,N/A,N/A,N/A,N/A,N/A,N/A,N/A,N/A,N/A,N/A,N/A,N/A,N/A,N/A,N/A,N/A,N/A,N/A,N/A,N/A,N/A,N/A,N/A,N/A,N/A,N/A,N/A,N/A,N/A,N/A,N/A,N/A,N/A,N/A,N/A,N/A,N/A,N/A,N/A,N/A,N/A,N/A,N/A,N/A,N/A,N/A,N/A,N/A,N/A,N/A,N/A,N/A,N/A,N/A,N/A,N/A,N/A,N/A,N/A,N/A,N/A,0.73146915,"eventually[1,∞](d_IL6(t) < 0 and IL6(t) < c(low))",N/A,N/A,N/A,N/A,N/A,N/A,N/A,N/A,N/A,N/A,N/A,N/A,N/A,N/A,0.64489484,d_IL6(t) = d_c(high) implies d_IL6(t) < c(low),N/A,N/A,N/A,N/A,N/A,N/A,N/A,N/A,N/A,N/A,0.7062169,"globally[1,7](d_IL6(t) = c(high)) and globally[1,7](d_IL6(t) > d_c(low))",N/A,N/A,0.68133473,"globally[1,∞](IL6(t) = c(high)) and d_IL6(t) < d_c(low)",N/A,N/A,N/A,N/A,N/A,N/A,N/A,N/A,N/A,N/A,N/A,N/A,N/A,N/A
0.65201616,"globally[1,∞](d_IL6(t) < 0)",N/A,N/A,N/A,N/A,N/A,N/A,N/A,N/A,N/A,N/A,N/A,N/A,N/A,N/A,N/A,N/A,N/A,N/A,N/A,N/A,N/A,N/A,,,,,,,,,,,,,,,,,,,,,,,,,,,,,,,,,,,,,,,,,,,,,,,,,,,,,,,,,,,,,,,,,,,,,,,,,,,,,,,,,,,,,,,,,,,,,,,,,,,,,,,,,,,,,,,,,,,,,,,,,,,,,,,,,,,,,,,,,,,,,,,,,,,,,,,,,,,,,,,,,,,,,,,,,,,,,,,,,,,,,,,,,,,,,,,,
N/A,N/A,0.6194918,"globally[0,∞](d_IL6(t) < d_c(high))",N/A,N/A,N/A,N/A,0.649271,"globally[1,7](d_IL6(t) < d_c(high))",N/A,N/A,N/A,N/A,N/A,N/A,0.7525907,"d_IL6(t) < c(high) and eventually[1,7]globally(d_IL6(t)=d_c(high))",N/A,N/A,N/A,N/A,N/A,N/A,,,,,,,,,,,,,,,,,,,,,,,,,,,,,,,,,,,,,,,,,,,,,,,,,,,,,,,,,,,,,,,,,,,,,,,,,,,,,,,,,,,,,,,,,,,,,,,,,,,,,,,,,,,,,,,,,,,,,,,,,,,,,,,,,,,,,,,,,,,,,,,,,,,,,,,,,,,,,,,,,,,,,,,,,,,,,,,,,,,,,,,,,,,,,,,,
N/A,N/A,N/A,N/A,0.6068255,"eventually[1,∞]globally(d_IL6(t)=0)",N/A,N/A,0.69088995,"d_IL6(t) = 0 and eventually[1,∞](d_IL6(t) < c(low))",N/A,N/A,N/A,N/A,N/A,N/A,N/A,N/A,N/A,N/A,N/A,N/A,N/A,N/A,,,,,,,,,,,,,,,,,,,,,,,,,,,,,,,,,,,,,,,,,,,,,,,,,,,,,,,,,,,,,,,,,,,,,,,,,,,,,,,,,,,,,,,,,,,,,,,,,,,,,,,,,,,,,,,,,,,,,,,,,,,,,,,,,,,,,,,,,,,,,,,,,,,,,,,,,,,,,,,,,,,,,,,,,,,,,,,,,,,,,,,,,,,,,,,,
N/A,N/A,N/A,N/A,N/A,N/A,N/A,N/A,N/A,N/A,N/A,N/A,N/A,N/A,N/A,N/A,N/A,N/A,N/A,N/A,N/A,N/A,N/A,N/A,,,,,,,,,,,,,,,,,,,,,,,,,,,,,,,,,,,,,,,,,,,,,,,,,,,,,,,,,,,,,,,,,,,,,,,,,,,,,,,,,,,,,,,,,,,,,,,,,,,,,,,,,,,,,,,,,,,,,,,,,,,,,,,,,,,,,,,,,,,,,,,,,,,,,,,,,,,,,,,,,,,,,,,,,,,,,,,,,,,,,,,,,,,,,,,,
N/A,N/A,N/A,N/A,N/A,N/A,N/A,N/A,N/A,N/A,N/A,N/A,N/A,N/A,N/A,N/A,N/A,N/A,N/A,N/A,N/A,N/A,N/A,N/A,,,,,,,,,,,,,,,,,,,,,,,,,,,,,,,,,,,,,,,,,,,,,,,,,,,,,,,,,,,,,,,,,,,,,,,,,,,,,,,,,,,,,,,,,,,,,,,,,,,,,,,,,,,,,,,,,,,,,,,,,,,,,,,,,,,,,,,,,,,,,,,,,,,,,,,,,,,,,,,,,,,,,,,,,,,,,,,,,,,,,,,,,,,,,,,,
N/A,N/A,N/A,N/A,N/A,N/A,N/A,N/A,N/A,N/A,N/A,N/A,N/A,N/A,N/A,N/A,N/A,N/A,N/A,N/A,N/A,N/A,N/A,N/A,,,,,,,,,,,,,,,,,,,,,,,,,,,,,,,,,,,,,,,,,,,,,,,,,,,,,,,,,,,,,,,,,,,,,,,,,,,,,,,,,,,,,,,,,,,,,,,,,,,,,,,,,,,,,,,,,,,,,,,,,,,,,,,,,,,,,,,,,,,,,,,,,,,,,,,,,,,,,,,,,,,,,,,,,,,,,,,,,,,,,,,,,,,,,,,,
N/A,N/A,N/A,N/A,N/A,N/A,N/A,N/A,N/A,N/A,N/A,N/A,N/A,N/A,N/A,N/A,N/A,N/A,N/A,N/A,N/A,N/A,N/A,N/A,,,,,,,,,,,,,,,,,,,,,,,,,,,,,,,,,,,,,,,,,,,,,,,,,,,,,,,,,,,,,,,,,,,,,,,,,,,,,,,,,,,,,,,,,,,,,,,,,,,,,,,,,,,,,,,,,,,,,,,,,,,,,,,,,,,,,,,,,,,,,,,,,,,,,,,,,,,,,,,,,,,,,,,,,,,,,,,,,,,,,,,,,,,,,,,,
N/A,N/A,N/A,N/A,N/A,N/A,N/A,N/A,N/A,N/A,N/A,N/A,N/A,N/A,N/A,N/A,N/A,N/A,N/A,N/A,N/A,N/A,N/A,N/A,,,,,,,,,,,,,,,,,,,,,,,,,,,,,,,,,,,,,,,,,,,,,,,,,,,,,,,,,,,,,,,,,,,,,,,,,,,,,,,,,,,,,,,,,,,,,,,,,,,,,,,,,,,,,,,,,,,,,,,,,,,,,,,,,,,,,,,,,,,,,,,,,,,,,,,,,,,,,,,,,,,,,,,,,,,,,,,,,,,,,,,,,,,,,,,,
N/A,N/A,N/A,N/A,0.45553476,"eventually[14,∞]globally(IFNβ(t) < c(low) implies d_IL1Ra(t)=d_c(high))",N/A,N/A,0.47704363,IL8(t) > c(mid) implies d_IL1Ra(t) > d_c(low),N/A,N/A,N/A,N/A,N/A,N/A,N/A,N/A,N/A,N/A,N/A,N/A,N/A,N/A,,,,,,,,,,,,,,,,,,,,,,,,,,,,,,,,,,,,,,,,,,,,,,,,,,,,,,,,,,,,,,,,,,,,,,,,,,,,,,,,,,,,,,,,,,,,,,,,,,,,,,,,,,,,,,,,,,,,,,,,,,,,,,,,,,,,,,,,,,,,,,,,,,,,,,,,,,,,,,,,,,,,,,,,,,,,,,,,,,,,,,,,,,,,,,,,
0.6416937,IL6(t) > c(high) implies d_IL6(t) < d_c(high),N/A,N/A,N/A,N/A,N/A,N/A,0.68944657,IL6(t) = c(mid) implies d_IL6(t) < 0,N/A,N/A,N/A,N/A,N/A,N/A,N/A,N/A,N/A,N/A,N/A,N/A,N/A,N/A,,,,,,,,,,,,,,,,,,,,,,,,,,,,,,,,,,,,,,,,,,,,,,,,,,,,,,,,,,,,,,,,,,,,,,,,,,,,,,,,,,,,,,,,,,,,,,,,,,,,,,,,,,,,,,,,,,,,,,,,,,,,,,,,,,,,,,,,,,,,,,,,,,,,,,,,,,,,,,,,,,,,,,,,,,,,,,,,,,,,,,,,,,,,,,,,
0.6697937,"IL6(t) = c(high) and eventually[0,1]globally(d_IL6(t) < d_c(low)) implies globally[11,∞](d_IFNα(t) > 0)",N/A,N/A,N/A,N/A,N/A,N/A,0.7022228,"eventually[7,∞]globally(IL1Ra(t)=c(mid)) implies globally[3,∞](IL6(t) < c(high))",N/A,N/A,N/A,N/A,N/A,N/A,N/A,N/A,N/A,N/A,N/A,N/A,N/A,N/A,,,,,,,,,,,,,,,,,,,,,,,,,,,,,,,,,,,,,,,,,,,,,,,,,,,,,,,,,,,,,,,,,,,,,,,,,,,,,,,,,,,,,,,,,,,,,,,,,,,,,,,,,,,,,,,,,,,,,,,,,,,,,,,,,,,,,,,,,,,,,,,,,,,,,,,,,,,,,,,,,,,,,,,,,,,,,,,,,,,,,,,,,,,,,,,,
N/A,N/A,N/A,N/A,N/A,N/A,N/A,N/A,N/A,N/A,N/A,N/A,N/A,N/A,N/A,N/A,N/A,N/A,N/A,N/A,N/A,N/A,N/A,N/A,,,,,,,,,,,,,,,,,,,,,,,,,,,,,,,,,,,,,,,,,,,,,,,,,,,,,,,,,,,,,,,,,,,,,,,,,,,,,,,,,,,,,,,,,,,,,,,,,,,,,,,,,,,,,,,,,,,,,,,,,,,,,,,,,,,,,,,,,,,,,,,,,,,,,,,,,,,,,,,,,,,,,,,,,,,,,,,,,,,,,,,,,,,,,,,,
N/A,N/A,N/A,N/A,N/A,N/A,N/A,N/A,N/A,N/A,N/A,N/A,N/A,N/A,N/A,N/A,N/A,N/A,N/A,N/A,N/A,N/A,N/A,N/A,,,,,,,,,,,,,,,,,,,,,,,,,,,,,,,,,,,,,,,,,,,,,,,,,,,,,,,,,,,,,,,,,,,,,,,,,,,,,,,,,,,,,,,,,,,,,,,,,,,,,,,,,,,,,,,,,,,,,,,,,,,,,,,,,,,,,,,,,,,,,,,,,,,,,,,,,,,,,,,,,,,,,,,,,,,,,,,,,,,,,,,,,,,,,,,,
N/A,N/A,N/A,N/A,N/A,N/A,N/A,N/A,N/A,N/A,N/A,N/A,N/A,N/A,N/A,N/A,N/A,N/A,N/A,N/A,N/A,N/A,N/A,N/A,,,,,,,,,,,,,,,,,,,,,,,,,,,,,,,,,,,,,,,,,,,,,,,,,,,,,,,,,,,,,,,,,,,,,,,,,,,,,,,,,,,,,,,,,,,,,,,,,,,,,,,,,,,,,,,,,,,,,,,,,,,,,,,,,,,,,,,,,,,,,,,,,,,,,,,,,,,,,,,,,,,,,,,,,,,,,,,,,,,,,,,,,,,,,,,,
0.73146915,"eventually[1,∞](d_IL6(t) < 0 and IL6(t) < c(low))",N/A,N/A,N/A,N/A,N/A,N/A,N/A,N/A,N/A,N/A,N/A,N/A,N/A,N/A,0.64489484,d_IL6(t) = d_c(high) implies d_IL6(t) < c(low),N/A,N/A,N/A,N/A,N/A,N/A,,,,,,,,,,,,,,,,,,,,,,,,,,,,,,,,,,,,,,,,,,,,,,,,,,,,,,,,,,,,,,,,,,,,,,,,,,,,,,,,,,,,,,,,,,,,,,,,,,,,,,,,,,,,,,,,,,,,,,,,,,,,,,,,,,,,,,,,,,,,,,,,,,,,,,,,,,,,,,,,,,,,,,,,,,,,,,,,,,,,,,,,,,,,,,,,
N/A,N/A,N/A,N/A,0.7062169,"globally[1,7](d_IL6(t) = c(high)) and globally[1,7](d_IL6(t) > d_c(low))",N/A,N/A,0.68133473,"globally[1,∞](IL6(t) = c(high)) and d_IL6(t) < d_c(low)",N/A,N/A,N/A,N/A,N/A,N/A,N/A,N/A,N/A,N/A,N/A,N/A,N/A,N/A,,,,,,,,,,,,,,,,,,,,,,,,,,,,,,,,,,,,,,,,,,,,,,,,,,,,,,,,,,,,,,,,,,,,,,,,,,,,,,,,,,,,,,,,,,,,,,,,,,,,,,,,,,,,,,,,,,,,,,,,,,,,,,,,,,,,,,,,,,,,,,,,,,,,,,,,,,,,,,,,,,,,,,,,,,,,,,,,,,,,,,,,,,,,,,,,
