S0-F0,S0-F0 sim,S0-F1,S0-F1 sim,S0-F2,S0-F2 sim,S1-F0,S1-F0 sim,S1-F1,S1-F1 sim,S1-F2,S1-F2 sim,S2-F0,S2-F0 sim,S2-F1,S2-F1 sim,S2-F2,S2-F2 sim,S3-F0,S3-F0 sim,S3-F1,S3-F1 sim,S3-F2,S3-F2 sim,S4-F0,S4-F0 sim,S4-F1,S4-F1 sim,S4-F2,S4-F2 sim,S5-F0,S5-F0 sim,S6-F0,S6-F0 sim,S6-F1,S6-F1 sim,S6-F2,S6-F2 sim,S9-F0,S9-F0 sim,S9-F1,S9-F1 sim,S10-F0,S10-F0 sim,S10-F1,S10-F1 sim,S10-F2,S10-F2 sim,S11-F0,S11-F0 sim,S11-F1,S11-F1 sim,S11-F2,S11-F2 sim,S12-F0,S12-F0 sim,S12-F1,S12-F1 sim,S13-F0,S13-F0 sim,S14-F0,S14-F0 sim,S14-F1,S14-F1 sim,S14-F2,S14-F2 sim,S15-F0,S15-F0 sim,S15-F1,S15-F1 sim,S16-F0,S16-F0 sim,S16-F1,S16-F1 sim,S16-F2,S16-F2 sim,S17-F0,S17-F0 sim,S18-F0,S18-F0 sim,S18-F1,S18-F1 sim,S19-F0,S19-F0 sim,S20-F0,S20-F0 sim,S20-F1,S20-F1 sim,S20-F2,S20-F2 sim,S21-F0,S21-F0 sim,S21-F1,S21-F1 sim,S21-F2,S21-F2 sim,S24-F0,S24-F0 sim,S24-F1,S24-F1 sim,S24-F2,S24-F2 sim,S25-F0,S25-F0 sim,S26-F0,S26-F0 sim,S26-F1,S26-F1 sim,S26-F2,S26-F2 sim
N/A,N/A,,,,,,,,,,,,,,,,,,,,,,,,,,,,,,,,,,,,,,,,,,,,,,,,,,,,,,,,,,,,,,,,,,,,,,,,,,,,,,,,,,,,,,,,,,,,,,,,,,,,,,,,,,,,
0.56020296,"globally[0,inf](d_IL1α(t) < c(mid))",,,,,N/A,N/A,N/A,N/A,N/A,N/A,0.52199495,IL1Ra(t) < c(mid),,,,,N/A,N/A,N/A,N/A,0.6308896,IL1α(t) = c(low),N/A,N/A,N/A,N/A,N/A,N/A,0.32331613,d_IL8(t) > d_c(low),N/A,N/A,N/A,N/A,N/A,N/A,N/A,N/A,0.6308896,IL1α(t) = c(low),N/A,N/A,N/A,N/A,N/A,N/A,N/A,N/A,N/A,N/A,N/A,N/A,N/A,N/A,0.674816,IL1α(t) < c(low),0.5707343,d_IL1α(t) = d_c(high),N/A,N/A,N/A,N/A,N/A,N/A,N/A,N/A,0.6015551,"IL1α(t) < c(low) and globally[0,inf](d_IL1α(t) = 0)",N/A,N/A,N/A,N/A,N/A,N/A,0.24221767,IFNα(t) > c(high) implies IFNα(t)=c(mid),N/A,N/A,0.674816,IL1α(t) < c(low),0.6308896,d_IL1α(t) = c(low),N/A,N/A,N/A,N/A,N/A,N/A,N/A,N/A,N/A,N/A,N/A,N/A,N/A,N/A,N/A,N/A,0.41218022,IL6(t) < c(low),0.55060625,"globally[inf,inf](d_IL1α(t) > c(low))",N/A,N/A,N/A,N/A,N/A,N/A
N/A,N/A,,,,,,,,,,,,,,,,,,,,,,,,,,,,,,,,,,,,,,,,,,,,,,,,,,,,,,,,,,,,,,,,,,,,,,,,,,,,,,,,,,,,,,,,,,,,,,,,,,,,,,,,,,,,
0.66837406,IL1α(t) < c(mid),,,,,N/A,N/A,N/A,N/A,N/A,N/A,N/A,N/A,N/A,N/A,N/A,N/A,,,,,,,,,,,,,,,,,,,,,,,,,,,,,,,,,,,,,,,,,,,,,,,,,,,,,,,,,,,,,,,,,,,,,,,,,,,,,,,,,,,,,,,,,,,,
N/A,N/A,0.53997827,"globally[0,inf](d_IL1α(t) = 0)",,,N/A,N/A,N/A,N/A,N/A,N/A,N/A,N/A,N/A,N/A,N/A,N/A,,,,,,,,,,,,,,,,,,,,,,,,,,,,,,,,,,,,,,,,,,,,,,,,,,,,,,,,,,,,,,,,,,,,,,,,,,,,,,,,,,,,,,,,,,,,
N/A,N/A,0.215804,"eventually[6,18]globally(d_IFNα(t)=d_c(low))",,,0.5401024,IL1Ra(t) < c(low),,,,,N/A,N/A,N/A,N/A,N/A,N/A,,,,,,,,,,,,,,,,,,,,,,,,,,,,,,,,,,,,,,,,,,,,,,,,,,,,,,,,,,,,,,,,,,,,,,,,,,,,,,,,,,,,,,,,,,,,
0.5400111,"globally[0,inf](d_IL1α(t) < d_c(low))",,,,,N/A,N/A,N/A,N/A,N/A,N/A,0.39380008,IL6(t) < c(high),,,,,,,,,,,,,,,,,,,,,,,,,,,,,,,,,,,,,,,,,,,,,,,,,,,,,,,,,,,,,,,,,,,,,,,,,,,,,,,,,,,,,,,,,,,,,,,,
N/A,N/A,N/A,N/A,0.6180905,IL1α(t)=c(high),N/A,N/A,N/A,N/A,N/A,N/A,N/A,N/A,N/A,N/A,N/A,N/A,,,,,,,,,,,,,,,,,,,,,,,,,,,,,,,,,,,,,,,,,,,,,,,,,,,,,,,,,,,,,,,,,,,,,,,,,,,,,,,,,,,,,,,,,,,,
N/A,N/A,N/A,N/A,N/A,N/A,,,,,,,,,,,,,,,,,,,,,,,,,,,,,,,,,,,,,,,,,,,,,,,,,,,,,,,,,,,,,,,,,,,,,,,,,,,,,,,,,,,,,,,,,,,,,,,,,,,,,,,,
N/A,N/A,0.57373595,"globally[0, inf](IL1α(t) < c(low))",,,N/A,N/A,N/A,N/A,N/A,N/A,N/A,N/A,N/A,N/A,N/A,N/A,,,,,,,,,,,,,,,,,,,,,,,,,,,,,,,,,,,,,,,,,,,,,,,,,,,,,,,,,,,,,,,,,,,,,,,,,,,,,,,,,,,,,,,,,,,,
N/A,N/A,N/A,N/A,0.6308896,IL1α(t) = c(low),N/A,N/A,N/A,N/A,N/A,N/A,0.32331613,d_IL8(t) > d_c(low),,,,,,,,,,,,,,,,,,,,,,,,,,,,,,,,,,,,,,,,,,,,,,,,,,,,,,,,,,,,,,,,,,,,,,,,,,,,,,,,,,,,,,,,,,,,,,,,
N/A,N/A,N/A,N/A,N/A,N/A,,,,,,,,,,,,,,,,,,,,,,,,,,,,,,,,,,,,,,,,,,,,,,,,,,,,,,,,,,,,,,,,,,,,,,,,,,,,,,,,,,,,,,,,,,,,,,,,,,,,,,,,
N/A,N/A,0.6308896,IL1α(t) = c(low),,,N/A,N/A,N/A,N/A,N/A,N/A,N/A,N/A,N/A,N/A,N/A,N/A,,,,,,,,,,,,,,,,,,,,,,,,,,,,,,,,,,,,,,,,,,,,,,,,,,,,,,,,,,,,,,,,,,,,,,,,,,,,,,,,,,,,,,,,,,,,
N/A,N/A,0.674816,IL1α(t) < c(low),,,0.5707343,d_IL1α(t) = d_c(high),,,,,N/A,N/A,N/A,N/A,N/A,N/A,,,,,,,,,,,,,,,,,,,,,,,,,,,,,,,,,,,,,,,,,,,,,,,,,,,,,,,,,,,,,,,,,,,,,,,,,,,,,,,,,,,,,,,,,,,,
N/A,N/A,0.6015551,"IL1α(t) < c(low) and globally[0,inf](d_IL1α(t) = 0)",,,N/A,N/A,N/A,N/A,N/A,N/A,0.24221767,IFNα(t) > c(high) implies IFNα(t)=c(mid),,,,,,,,,,,,,,,,,,,,,,,,,,,,,,,,,,,,,,,,,,,,,,,,,,,,,,,,,,,,,,,,,,,,,,,,,,,,,,,,,,,,,,,,,,,,,,,,
N/A,N/A,0.674816,IL1α(t) < c(low),,,0.6308896,d_IL1α(t) = c(low),,,,,N/A,N/A,N/A,N/A,N/A,N/A,,,,,,,,,,,,,,,,,,,,,,,,,,,,,,,,,,,,,,,,,,,,,,,,,,,,,,,,,,,,,,,,,,,,,,,,,,,,,,,,,,,,,,,,,,,,
N/A,N/A,N/A,N/A,N/A,N/A,,,,,,,,,,,,,,,,,,,,,,,,,,,,,,,,,,,,,,,,,,,,,,,,,,,,,,,,,,,,,,,,,,,,,,,,,,,,,,,,,,,,,,,,,,,,,,,,,,,,,,,,
N/A,N/A,N/A,N/A,0.41218022,IL6(t) < c(low),0.55060625,"globally[inf,inf](d_IL1α(t) > c(low))",,,,,N/A,N/A,N/A,N/A,N/A,N/A,,,,,,,,,,,,,,,,,,,,,,,,,,,,,,,,,,,,,,,,,,,,,,,,,,,,,,,,,,,,,,,,,,,,,,,,,,,,,,,,,,,,,,,,,,,,
