S0-F0,S0-F0 sim,S0-F1,S0-F1 sim,S0-F2,S0-F2 sim,S0-F3,S0-F3 sim,S0-F4,S0-F4 sim,S1-F0,S1-F0 sim,S1-F1,S1-F1 sim,S1-F2,S1-F2 sim,S1-F3,S1-F3 sim,S1-F4,S1-F4 sim,S2-F0,S2-F0 sim,S2-F1,S2-F1 sim,S2-F2,S2-F2 sim,S2-F3,S2-F3 sim,S2-F4,S2-F4 sim,S3-F0,S3-F0 sim,S3-F1,S3-F1 sim,S3-F2,S3-F2 sim,S3-F3,S3-F3 sim,S3-F4,S3-F4 sim,S4-F0,S4-F0 sim,S4-F1,S4-F1 sim,S4-F2,S4-F2 sim,S4-F3,S4-F3 sim,S4-F4,S4-F4 sim,S5-F0,S5-F0 sim,S5-F1,S5-F1 sim,S5-F2,S5-F2 sim,S5-F3,S5-F3 sim,S5-F4,S5-F4 sim,S6-F0,S6-F0 sim,S6-F1,S6-F1 sim,S6-F2,S6-F2 sim,S6-F3,S6-F3 sim,S6-F4,S6-F4 sim,S7-F0,S7-F0 sim,S7-F1,S7-F1 sim,S7-F2,S7-F2 sim,S7-F3,S7-F3 sim,S7-F4,S7-F4 sim,S8-F0,S8-F0 sim,S8-F1,S8-F1 sim,S8-F2,S8-F2 sim,S8-F3,S8-F3 sim,S8-F4,S8-F4 sim,S9-F0,S9-F0 sim,S9-F1,S9-F1 sim,S9-F2,S9-F2 sim,S9-F3,S9-F3 sim,S9-F4,S9-F4 sim,S10-F0,S10-F0 sim,S10-F1,S10-F1 sim,S10-F2,S10-F2 sim,S10-F3,S10-F3 sim,S10-F4,S10-F4 sim,S11-F0,S11-F0 sim,S11-F1,S11-F1 sim,S11-F2,S11-F2 sim,S11-F3,S11-F3 sim,S11-F4,S11-F4 sim,S12-F0,S12-F0 sim,S12-F1,S12-F1 sim,S12-F2,S12-F2 sim,S12-F3,S12-F3 sim,S12-F4,S12-F4 sim,S13-F0,S13-F0 sim,S13-F1,S13-F1 sim,S13-F2,S13-F2 sim,S13-F3,S13-F3 sim,S13-F4,S13-F4 sim,S14-F0,S14-F0 sim,S14-F1,S14-F1 sim,S14-F2,S14-F2 sim,S14-F3,S14-F3 sim,S14-F4,S14-F4 sim,S15-F0,S15-F0 sim,S15-F1,S15-F1 sim,S15-F2,S15-F2 sim,S15-F3,S15-F3 sim,S15-F4,S15-F4 sim,S16-F0,S16-F0 sim,S16-F1,S16-F1 sim,S16-F2,S16-F2 sim,S16-F3,S16-F3 sim,S16-F4,S16-F4 sim,S17-F0,S17-F0 sim,S17-F1,S17-F1 sim,S17-F2,S17-F2 sim,S17-F3,S17-F3 sim,S17-F4,S17-F4 sim,S18-F0,S18-F0 sim,S18-F1,S18-F1 sim,S18-F2,S18-F2 sim,S18-F3,S18-F3 sim,S18-F4,S18-F4 sim,S19-F0,S19-F0 sim,S19-F1,S19-F1 sim,S19-F2,S19-F2 sim,S19-F3,S19-F3 sim,S19-F4,S19-F4 sim,S20-F0,S20-F0 sim,S20-F1,S20-F1 sim,S20-F2,S20-F2 sim,S20-F3,S20-F3 sim,S20-F4,S20-F4 sim,S21-F0,S21-F0 sim,S21-F1,S21-F1 sim,S21-F2,S21-F2 sim,S21-F3,S21-F3 sim,S21-F4,S21-F4 sim,S22-F0,S22-F0 sim,S22-F1,S22-F1 sim,S22-F2,S22-F2 sim,S22-F3,S22-F3 sim,S22-F4,S22-F4 sim,S23-F0,S23-F0 sim,S23-F1,S23-F1 sim,S23-F2,S23-F2 sim,S23-F3,S23-F3 sim,S23-F4,S23-F4 sim,S24-F0,S24-F0 sim,S24-F1,S24-F1 sim,S24-F2,S24-F2 sim,S24-F3,S24-F3 sim,S24-F4,S24-F4 sim,S25-F0,S25-F0 sim,S25-F1,S25-F1 sim,S25-F2,S25-F2 sim,S25-F3,S25-F3 sim,S25-F4,S25-F4 sim,S26-F0,S26-F0 sim,S26-F1,S26-F1 sim,S26-F2,S26-F2 sim,S26-F3,S26-F3 sim,S26-F4,S26-F4 sim
N/A,N/A,N/A,N/A,N/A,N/A,N/A,N/A,N/A,N/A,N/A,N/A,N/A,N/A,N/A,N/A,N/A,N/A,N/A,N/A,N/A,N/A,N/A,N/A,N/A,N/A,N/A,N/A,N/A,N/A,,,,,,,,,,,,,,,,,,,,,,,,,,,,,,,,,,,,,,,,,,,,,,,,,,,,,,,,,,,,,,,,,,,,,,,,,,,,,,,,,,,,,,,,,,,,,,,,,,,,,,,,,,,,,,,,,,,,,,,,,,,,,,,,,,,,,,,,,,,,,,,,,,,,,,,,,,,,,,,,,,,,,,,,,,,,,,,,,,,,,,,,,,,,,,,,,,,,,,,,,,,,,,,,,,,,,,,,,,,,,,,,,,,,,,,,,,,,,,,,
N/A,N/A,N/A,N/A,0.573948,"globally[0,∞](IL8(t) < c(mid)) implies eventually[4,16]globally(d_IL12(t) > 0)",N/A,N/A,N/A,N/A,0.70801353,"globally[1,∞](d_IL1β(t) > 0 and d_IL1Ra(t) > 0)",N/A,N/A,N/A,N/A,N/A,N/A,N/A,N/A,0.68707824,"eventually[2,∞](IL1β(t)=c(high)) and IL1Ra(t) < c(high)",N/A,N/A,N/A,N/A,N/A,N/A,N/A,N/A,N/A,N/A,0.725514,"eventually[1,∞]globally(d_IL1β(t) > d_c(high)) and globally[1,∞](d_IL1Ra(t)=c(mid))
",N/A,N/A,N/A,N/A,N/A,N/A,N/A,N/A,N/A,N/A,N/A,N/A,N/A,N/A,N/A,N/A,N/A,N/A,N/A,N/A,N/A,N/A,N/A,N/A,N/A,N/A,0.6859698,"eventually[1,16]globally(d_IL1β(t)=0 and d_IL1Ra(t)=0)",N/A,N/A,N/A,N/A,N/A,N/A,N/A,N/A,N/A,N/A,N/A,N/A,N/A,N/A,N/A,N/A,N/A,N/A,N/A,N/A,N/A,N/A,N/A,N/A,N/A,N/A,N/A,N/A,N/A,N/A,N/A,N/A,N/A,N/A,N/A,N/A,N/A,N/A,N/A,N/A,N/A,N/A,N/A,N/A,N/A,N/A,N/A,N/A,N/A,N/A,N/A,N/A,N/A,N/A,N/A,N/A,N/A,N/A,N/A,N/A,N/A,N/A,0.6412794,"globally[0,∞](d_IL1β(t) = c(low)) and d_IL1Ra(t) = c(low) and eventually[0,∞]globally(d_IL1β(t) = c(low))",N/A,N/A,N/A,N/A,0.48435593,"eventually[0,7](d_IL6(t) = d_c(high)) implies globally[8,∞](IL6(t) < c(high))",N/A,N/A,N/A,N/A,N/A,N/A,N/A,N/A,N/A,N/A,N/A,N/A,N/A,N/A,N/A,N/A,N/A,N/A,N/A,N/A,0.5589218,"globally[3,17](IL1RN(t) > c(low) and IL8(t) > c(high)) and TNFα(t)=c(low) and IFNα(t) < c(high)",N/A,N/A,N/A,N/A,N/A,N/A,0.75233734,"eventually[1, ∞]globally(IL1β(t) < c(mid) and IL1Ra(t) < c(mid))",N/A,N/A,N/A,N/A,N/A,N/A,N/A,N/A,N/A,N/A,N/A,N/A,N/A,N/A,N/A,N/A,N/A,N/A,N/A,N/A,N/A,N/A,0.6993849,"globally[1,∞](IL1β(t) < c(low) and IL1Ra(t) < c(low))",N/A,N/A,N/A,N/A,0.7010365,"globally[1,∞](d_IL1β(t) < d_c(high))",N/A,N/A,N/A,N/A,N/A,N/A,N/A,N/A,N/A,N/A,N/A,N/A,N/A,N/A,N/A,N/A,N/A,N/A,N/A,N/A,N/A,N/A,N/A,N/A,N/A,N/A,N/A,N/A,N/A,N/A,N/A,N/A,N/A,N/A,N/A,N/A,N/A,N/A,N/A,N/A,N/A,N/A,N/A,N/A,N/A,N/A,N/A,N/A,0.72636616,"eventually[1, ∞]globally(IL1β(t)=c(mid) and IL1Ra(t)=c(mid))",N/A,N/A,N/A,N/A,N/A,N/A,N/A,N/A,0.6428991,"globally[1, ∞](d_IL1β(t) > d_c(low)) implies eventually[8, ∞](d_IL1Ra(t) < d_c(high))",N/A,N/A,N/A,N/A,N/A,N/A,N/A,N/A,0.72636616,"eventually[1,∞]globally(IL1β(t)=c(mid) and IL1Ra(t)=c(mid))",N/A,N/A,N/A,N/A,N/A,N/A,N/A,N/A
N/A,N/A,0.5946256,d_IL1β(t) = d_c(low) and d_IL1Ra(t) = d_c(high),N/A,N/A,N/A,N/A,N/A,N/A,0.6737342,"globally[0,8](d_IL1β(t) < c(low)) implies eventually[9,∞](d_IL1Ra(t) < d_c(high))",N/A,N/A,N/A,N/A,N/A,N/A,N/A,N/A,N/A,N/A,N/A,N/A,N/A,N/A,N/A,N/A,N/A,N/A,,,,,,,,,,,,,,,,,,,,,,,,,,,,,,,,,,,,,,,,,,,,,,,,,,,,,,,,,,,,,,,,,,,,,,,,,,,,,,,,,,,,,,,,,,,,,,,,,,,,,,,,,,,,,,,,,,,,,,,,,,,,,,,,,,,,,,,,,,,,,,,,,,,,,,,,,,,,,,,,,,,,,,,,,,,,,,,,,,,,,,,,,,,,,,,,,,,,,,,,,,,,,,,,,,,,,,,,,,,,,,,,,,,,,,,,,,,,,,,,
N/A,N/A,N/A,N/A,N/A,N/A,0.4963107,d_IL1β(t) = d_c(low) and d_IL1Ra(t) = d_c(low) and d_IFNα(t) = d_c(low) and d_SARSCoV2(t) < d_c(low) and d_SARSCoV2(t) > d_c(low) and d_IL1RN(t) = d_c(low) and d_IL1RN(t) = d_c(low),N/A,N/A,0.40825298,"eventually[2,8]globally(d_IFNβ(t)=d_c(low))",N/A,N/A,N/A,N/A,N/A,N/A,N/A,N/A,0.64968383,"eventually[1,∞]globally(d_IL1β(t) > 0 and d_IL1Ra(t) > 0) implies globally[15,∞](d_IL1β(t) < 0)",N/A,N/A,N/A,N/A,N/A,N/A,N/A,N/A,,,,,,,,,,,,,,,,,,,,,,,,,,,,,,,,,,,,,,,,,,,,,,,,,,,,,,,,,,,,,,,,,,,,,,,,,,,,,,,,,,,,,,,,,,,,,,,,,,,,,,,,,,,,,,,,,,,,,,,,,,,,,,,,,,,,,,,,,,,,,,,,,,,,,,,,,,,,,,,,,,,,,,,,,,,,,,,,,,,,,,,,,,,,,,,,,,,,,,,,,,,,,,,,,,,,,,,,,,,,,,,,,,,,,,,,,,,,,,,,
N/A,N/A,0.69035995,"globally[1,14](d_IL1β(t) < d_c(low)) implies eventually[8,∞](IL1β(t)=c(mid)) and globally[1,14](d_IL1Ra(t) < d_c(low)) implies eventually[8,∞](IL1Ra(t)=c(mid))",N/A,N/A,N/A,N/A,N/A,N/A,0.44646537,"globally[6,14](d_IFNβ(t) > 0)",N/A,N/A,N/A,N/A,N/A,N/A,N/A,N/A,N/A,N/A,N/A,N/A,N/A,N/A,N/A,N/A,N/A,N/A,,,,,,,,,,,,,,,,,,,,,,,,,,,,,,,,,,,,,,,,,,,,,,,,,,,,,,,,,,,,,,,,,,,,,,,,,,,,,,,,,,,,,,,,,,,,,,,,,,,,,,,,,,,,,,,,,,,,,,,,,,,,,,,,,,,,,,,,,,,,,,,,,,,,,,,,,,,,,,,,,,,,,,,,,,,,,,,,,,,,,,,,,,,,,,,,,,,,,,,,,,,,,,,,,,,,,,,,,,,,,,,,,,,,,,,,,,,,,,,,
N/A,N/A,0.3001908,IL6(t)=c(high) implies IL12(t) > c(high),N/A,N/A,N/A,N/A,N/A,N/A,0.5303533,IL1β(t)=c(low) implies IL1Ra(t) < c(low),N/A,N/A,N/A,N/A,N/A,N/A,N/A,N/A,0.6423212,"globally[1,∞](d_IL1β(t)=0 and d_IL1Ra(t)=0)",N/A,N/A,N/A,N/A,N/A,N/A,N/A,N/A,,,,,,,,,,,,,,,,,,,,,,,,,,,,,,,,,,,,,,,,,,,,,,,,,,,,,,,,,,,,,,,,,,,,,,,,,,,,,,,,,,,,,,,,,,,,,,,,,,,,,,,,,,,,,,,,,,,,,,,,,,,,,,,,,,,,,,,,,,,,,,,,,,,,,,,,,,,,,,,,,,,,,,,,,,,,,,,,,,,,,,,,,,,,,,,,,,,,,,,,,,,,,,,,,,,,,,,,,,,,,,,,,,,,,,,,,,,,,,,,
0.44134158,"eventually[16,∞]globally(IL1RN(t)=c(low))",N/A,N/A,N/A,N/A,N/A,N/A,N/A,N/A,0.54130936,"d_IL1β(t)=d_c(low) implies d_IL1β(t) < d_c(high) and eventually[1,∞](d_IL1β(t) > d_c(low)) and d_IL1Ra(t)=d_c(low) implies d_IL1Ra(t) < d_c(high) and eventually[1,∞](d_IL1Ra(t) > d_c(low))",N/A,N/A,N/A,N/A,N/A,N/A,N/A,N/A,0.6464409,"globally[1,7](d_IL1β(t) < d_c(low)) implies eventually[8,14]globally(d_IL1Ra(t)=d_c(high)) and globally[15,∞](d_IL8(t) < d_c(low))",N/A,N/A,N/A,N/A,N/A,N/A,N/A,N/A,,,,,,,,,,,,,,,,,,,,,,,,,,,,,,,,,,,,,,,,,,,,,,,,,,,,,,,,,,,,,,,,,,,,,,,,,,,,,,,,,,,,,,,,,,,,,,,,,,,,,,,,,,,,,,,,,,,,,,,,,,,,,,,,,,,,,,,,,,,,,,,,,,,,,,,,,,,,,,,,,,,,,,,,,,,,,,,,,,,,,,,,,,,,,,,,,,,,,,,,,,,,,,,,,,,,,,,,,,,,,,,,,,,,,,,,,,,,,,,,
N/A,N/A,N/A,N/A,0.46152675,d_IL1β(t)=d_c(low) implies d_IL6(t) > d_c(high),N/A,N/A,N/A,N/A,N/A,N/A,N/A,N/A,N/A,N/A,N/A,N/A,N/A,N/A,N/A,N/A,N/A,N/A,N/A,N/A,N/A,N/A,N/A,N/A,,,,,,,,,,,,,,,,,,,,,,,,,,,,,,,,,,,,,,,,,,,,,,,,,,,,,,,,,,,,,,,,,,,,,,,,,,,,,,,,,,,,,,,,,,,,,,,,,,,,,,,,,,,,,,,,,,,,,,,,,,,,,,,,,,,,,,,,,,,,,,,,,,,,,,,,,,,,,,,,,,,,,,,,,,,,,,,,,,,,,,,,,,,,,,,,,,,,,,,,,,,,,,,,,,,,,,,,,,,,,,,,,,,,,,,,,,,,,,,,
0.53725535,d_IL1β(t)=c(low) implies d_IL1Ra(t)=c(high),N/A,N/A,N/A,N/A,N/A,N/A,N/A,N/A,N/A,N/A,N/A,N/A,N/A,N/A,N/A,N/A,N/A,N/A,N/A,N/A,N/A,N/A,N/A,N/A,N/A,N/A,N/A,N/A,,,,,,,,,,,,,,,,,,,,,,,,,,,,,,,,,,,,,,,,,,,,,,,,,,,,,,,,,,,,,,,,,,,,,,,,,,,,,,,,,,,,,,,,,,,,,,,,,,,,,,,,,,,,,,,,,,,,,,,,,,,,,,,,,,,,,,,,,,,,,,,,,,,,,,,,,,,,,,,,,,,,,,,,,,,,,,,,,,,,,,,,,,,,,,,,,,,,,,,,,,,,,,,,,,,,,,,,,,,,,,,,,,,,,,,,,,,,,,,,
N/A,N/A,N/A,N/A,N/A,N/A,N/A,N/A,N/A,N/A,N/A,N/A,N/A,N/A,N/A,N/A,N/A,N/A,N/A,N/A,N/A,N/A,N/A,N/A,N/A,N/A,N/A,N/A,N/A,N/A,,,,,,,,,,,,,,,,,,,,,,,,,,,,,,,,,,,,,,,,,,,,,,,,,,,,,,,,,,,,,,,,,,,,,,,,,,,,,,,,,,,,,,,,,,,,,,,,,,,,,,,,,,,,,,,,,,,,,,,,,,,,,,,,,,,,,,,,,,,,,,,,,,,,,,,,,,,,,,,,,,,,,,,,,,,,,,,,,,,,,,,,,,,,,,,,,,,,,,,,,,,,,,,,,,,,,,,,,,,,,,,,,,,,,,,,,,,,,,,,
N/A,N/A,0.725514,"eventually[1,∞]globally(d_IL1β(t) > d_c(high)) and globally[1,∞](d_IL1Ra(t)=c(mid))
",N/A,N/A,N/A,N/A,N/A,N/A,N/A,N/A,N/A,N/A,N/A,N/A,N/A,N/A,N/A,N/A,N/A,N/A,N/A,N/A,N/A,N/A,N/A,N/A,N/A,N/A,,,,,,,,,,,,,,,,,,,,,,,,,,,,,,,,,,,,,,,,,,,,,,,,,,,,,,,,,,,,,,,,,,,,,,,,,,,,,,,,,,,,,,,,,,,,,,,,,,,,,,,,,,,,,,,,,,,,,,,,,,,,,,,,,,,,,,,,,,,,,,,,,,,,,,,,,,,,,,,,,,,,,,,,,,,,,,,,,,,,,,,,,,,,,,,,,,,,,,,,,,,,,,,,,,,,,,,,,,,,,,,,,,,,,,,,,,,,,,,,
0.6859698,"eventually[1,16]globally(d_IL1β(t)=0 and d_IL1Ra(t)=0)",N/A,N/A,N/A,N/A,N/A,N/A,N/A,N/A,N/A,N/A,N/A,N/A,N/A,N/A,N/A,N/A,N/A,N/A,N/A,N/A,N/A,N/A,N/A,N/A,N/A,N/A,N/A,N/A,,,,,,,,,,,,,,,,,,,,,,,,,,,,,,,,,,,,,,,,,,,,,,,,,,,,,,,,,,,,,,,,,,,,,,,,,,,,,,,,,,,,,,,,,,,,,,,,,,,,,,,,,,,,,,,,,,,,,,,,,,,,,,,,,,,,,,,,,,,,,,,,,,,,,,,,,,,,,,,,,,,,,,,,,,,,,,,,,,,,,,,,,,,,,,,,,,,,,,,,,,,,,,,,,,,,,,,,,,,,,,,,,,,,,,,,,,,,,,,,
N/A,N/A,N/A,N/A,N/A,N/A,N/A,N/A,N/A,N/A,N/A,N/A,N/A,N/A,N/A,N/A,N/A,N/A,N/A,N/A,N/A,N/A,N/A,N/A,N/A,N/A,N/A,N/A,N/A,N/A,,,,,,,,,,,,,,,,,,,,,,,,,,,,,,,,,,,,,,,,,,,,,,,,,,,,,,,,,,,,,,,,,,,,,,,,,,,,,,,,,,,,,,,,,,,,,,,,,,,,,,,,,,,,,,,,,,,,,,,,,,,,,,,,,,,,,,,,,,,,,,,,,,,,,,,,,,,,,,,,,,,,,,,,,,,,,,,,,,,,,,,,,,,,,,,,,,,,,,,,,,,,,,,,,,,,,,,,,,,,,,,,,,,,,,,,,,,,,,,,
N/A,N/A,N/A,N/A,0.6412794,"globally[0,∞](d_IL1β(t) = c(low)) and d_IL1Ra(t) = c(low) and eventually[0,∞]globally(d_IL1β(t) = c(low))",N/A,N/A,N/A,N/A,0.48435593,"eventually[0,7](d_IL6(t) = d_c(high)) implies globally[8,∞](IL6(t) < c(high))",N/A,N/A,N/A,N/A,N/A,N/A,N/A,N/A,N/A,N/A,N/A,N/A,N/A,N/A,N/A,N/A,N/A,N/A,,,,,,,,,,,,,,,,,,,,,,,,,,,,,,,,,,,,,,,,,,,,,,,,,,,,,,,,,,,,,,,,,,,,,,,,,,,,,,,,,,,,,,,,,,,,,,,,,,,,,,,,,,,,,,,,,,,,,,,,,,,,,,,,,,,,,,,,,,,,,,,,,,,,,,,,,,,,,,,,,,,,,,,,,,,,,,,,,,,,,,,,,,,,,,,,,,,,,,,,,,,,,,,,,,,,,,,,,,,,,,,,,,,,,,,,,,,,,,,,
N/A,N/A,0.5589218,"globally[3,17](IL1RN(t) > c(low) and IL8(t) > c(high)) and TNFα(t)=c(low) and IFNα(t) < c(high)",N/A,N/A,N/A,N/A,N/A,N/A,0.75233734,"eventually[1, ∞]globally(IL1β(t) < c(mid) and IL1Ra(t) < c(mid))",N/A,N/A,N/A,N/A,N/A,N/A,N/A,N/A,N/A,N/A,N/A,N/A,N/A,N/A,N/A,N/A,N/A,N/A,,,,,,,,,,,,,,,,,,,,,,,,,,,,,,,,,,,,,,,,,,,,,,,,,,,,,,,,,,,,,,,,,,,,,,,,,,,,,,,,,,,,,,,,,,,,,,,,,,,,,,,,,,,,,,,,,,,,,,,,,,,,,,,,,,,,,,,,,,,,,,,,,,,,,,,,,,,,,,,,,,,,,,,,,,,,,,,,,,,,,,,,,,,,,,,,,,,,,,,,,,,,,,,,,,,,,,,,,,,,,,,,,,,,,,,,,,,,,,,,
N/A,N/A,N/A,N/A,0.6993849,"globally[1,∞](IL1β(t) < c(low) and IL1Ra(t) < c(low))",N/A,N/A,N/A,N/A,0.7010365,"globally[1,∞](d_IL1β(t) < d_c(high))",N/A,N/A,N/A,N/A,N/A,N/A,N/A,N/A,N/A,N/A,N/A,N/A,N/A,N/A,N/A,N/A,N/A,N/A,,,,,,,,,,,,,,,,,,,,,,,,,,,,,,,,,,,,,,,,,,,,,,,,,,,,,,,,,,,,,,,,,,,,,,,,,,,,,,,,,,,,,,,,,,,,,,,,,,,,,,,,,,,,,,,,,,,,,,,,,,,,,,,,,,,,,,,,,,,,,,,,,,,,,,,,,,,,,,,,,,,,,,,,,,,,,,,,,,,,,,,,,,,,,,,,,,,,,,,,,,,,,,,,,,,,,,,,,,,,,,,,,,,,,,,,,,,,,,,,
N/A,N/A,N/A,N/A,N/A,N/A,N/A,N/A,N/A,N/A,N/A,N/A,N/A,N/A,N/A,N/A,N/A,N/A,N/A,N/A,N/A,N/A,N/A,N/A,N/A,N/A,N/A,N/A,N/A,N/A,,,,,,,,,,,,,,,,,,,,,,,,,,,,,,,,,,,,,,,,,,,,,,,,,,,,,,,,,,,,,,,,,,,,,,,,,,,,,,,,,,,,,,,,,,,,,,,,,,,,,,,,,,,,,,,,,,,,,,,,,,,,,,,,,,,,,,,,,,,,,,,,,,,,,,,,,,,,,,,,,,,,,,,,,,,,,,,,,,,,,,,,,,,,,,,,,,,,,,,,,,,,,,,,,,,,,,,,,,,,,,,,,,,,,,,,,,,,,,,,
0.72636616,"eventually[1, ∞]globally(IL1β(t)=c(mid) and IL1Ra(t)=c(mid))",N/A,N/A,N/A,N/A,N/A,N/A,N/A,N/A,0.6428991,"globally[1, ∞](d_IL1β(t) > d_c(low)) implies eventually[8, ∞](d_IL1Ra(t) < d_c(high))",N/A,N/A,N/A,N/A,N/A,N/A,N/A,N/A,0.72636616,"eventually[1,∞]globally(IL1β(t)=c(mid) and IL1Ra(t)=c(mid))",N/A,N/A,N/A,N/A,N/A,N/A,N/A,N/A,,,,,,,,,,,,,,,,,,,,,,,,,,,,,,,,,,,,,,,,,,,,,,,,,,,,,,,,,,,,,,,,,,,,,,,,,,,,,,,,,,,,,,,,,,,,,,,,,,,,,,,,,,,,,,,,,,,,,,,,,,,,,,,,,,,,,,,,,,,,,,,,,,,,,,,,,,,,,,,,,,,,,,,,,,,,,,,,,,,,,,,,,,,,,,,,,,,,,,,,,,,,,,,,,,,,,,,,,,,,,,,,,,,,,,,,,,,,,,,,
