Semantic attempt 0,Semantic attempt 0 sim,Semantic attempt 1,Semantic attempt 1 sim,Semantic attempt 2,Semantic attempt 2 sim,Semantic attempt 3,Semantic attempt 3 sim,Semantic attempt 4,Semantic attempt 4 sim,Semantic attempt 5,Semantic attempt 5 sim,Semantic attempt 6,Semantic attempt 6 sim,Semantic attempt 7,Semantic attempt 7 sim,Semantic attempt 8,Semantic attempt 8 sim,Semantic attempt 9,Semantic attempt 9 sim,Semantic attempt 10,Semantic attempt 10 sim,Semantic attempt 11,Semantic attempt 11 sim,Semantic attempt 12,Semantic attempt 12 sim,Semantic attempt 13,Semantic attempt 13 sim,Semantic attempt 14,Semantic attempt 14 sim,Semantic attempt 15,Semantic attempt 15 sim,Semantic attempt 16,Semantic attempt 16 sim,Semantic attempt 17,Semantic attempt 17 sim,Semantic attempt 18,Semantic attempt 18 sim,Semantic attempt 19,Semantic attempt 19 sim,Semantic attempt 20,Semantic attempt 20 sim,Semantic attempt 21,Semantic attempt 21 sim,Semantic attempt 22,Semantic attempt 22 sim,Semantic attempt 23,Semantic attempt 23 sim,Semantic attempt 24,Semantic attempt 24 sim,Semantic attempt 25,Semantic attempt 25 sim,Semantic attempt 26,Semantic attempt 26 sim,Semantic attempt 27,Semantic attempt 27 sim,Semantic attempt 28,Semantic attempt 28 sim,Semantic attempt 29,Semantic attempt 29 sim,Semantic attempt 30,Semantic attempt 30 sim,Semantic attempt 31,Semantic attempt 31 sim,Semantic attempt 32,Semantic attempt 32 sim,Semantic attempt 33,Semantic attempt 33 sim,Semantic attempt 34,Semantic attempt 34 sim,Semantic attempt 35,Semantic attempt 35 sim
"globally[0,3](d_IL8(t) > d_c(high))",0.4893958,"globally[0,3](d_IL8(t) > d_c(high))",0.4893958,"globally[0,3](d_IL8(t) > d_c(high))",0.48939579725265503,"globally[0,3](d_IL8(t) > d_c(high))",0.48939579725265503,,,,,,,,,,,,,,,,,,,,,,,,,,,,,,,,,,,,,,,,,,,,,,,,,,,,,,,,,,,,,,,,
"globally[1,3](d_IL8(t) > c(high))",0.5912708,"globally[1,3](d_IL8(t) > c(high))",0.5912708,"globally[1,3](d_IL8(t) > c(high))",0.5912708044052124,"globally[1,3](d_IL8(t) > c(high))",0.5912708044052124,"globally[1,3](d_IL8(t) > c(high))",0.5912708,"globally[1,3](d_IL8(t) > c(high))",0.5912708,"globally[1,3](d_IL8(t) > c(high))",0.5912708,"globally[1,3](d_IL8(t) > c(high))",0.5912708,"globally[1,3](d_IL8(t) > c(high))",0.5912708,"globally[1,3](d_IL8(t) > c(high))",0.5912708,"globally[1,3](d_IL8(t) > c(high))",0.5912708,"globally[1,3](d_IL8(t) > c(high))",0.5912708,"globally[1,3](d_IL8(t) > c(high))",0.5912708,"globally[1,3](d_IL8(t) > c(high))",0.5912708,"globally[1,3](d_IL8(t) > c(high))",0.5912708,"globally[1,3](d_IL8(t) > c(high))",0.5912708,"globally[1,3](d_IL8(t) > c(high))",0.5912708,"globally[1,3](d_IL8(t) > c(high))",0.5912708,"globally[1,3](d_IL8(t) > c(high))",0.5912708,"globally[1,3](d_IL8(t) > c(high))",0.5912708,"globally[1,3](d_IL8(t) > c(high))",0.5912708,"globally[1,3](d_IL8(t) > c(high))",0.5912708,"globally[1,3](d_IL8(t) > c(high))",0.5912708,"globally[1,3](d_IL8(t) > c(high))",0.5912708,"globally[1,3](d_IL8(t) > c(high))",0.5912708,"globally[1,3](d_IL8(t) > c(high))",0.5912708,"globally[1,3](d_IL8(t) > c(high))",0.5912708,"globally[1,3](d_IL8(t) > c(high))",0.5912708,"globally[1,3](d_IL8(t) > c(high))",0.5912708,"globally[1,3](d_IL8(t) > c(high))",0.5912708,"globally[1,3](d_IL8(t) > c(high))",0.5912708,"globally[1,3](d_IL8(t) > c(high))",0.5912708,"globally[1,3](d_IL8(t) > c(high))",0.5912708,"globally[1,3](d_IL8(t) > c(high))",0.5912708,"globally[1,3](d_IL8(t) > c(high))",0.5912708,"globally[1,3](d_IL8(t) > c(high))",0.5912708
IL8(t) = c(high),0.5221932,IL8(t) = c(high),0.5221932,"globally[0,3](d_IL8(t) > c(high))",0.5693258047103882,"globally[0,3](d_IL8(t) > c(high))",0.5693258047103882,,,,,,,,,,,,,,,,,,,,,,,,,,,,,,,,,,,,,,,,,,,,,,,,,,,,,,,,,,,,,,,,
"globally[7,∞](IL8(t) < c(high)) and globally[7,∞](IL8(t) > c(low))",0.56284475,"globally[7,∞](IL8(t) < c(high)) and globally[7,∞](IL8(t) > c(low))",0.56284475,"globally[7,∞](IL8(t) < c(high)) and globally[7,∞](IL8(t) > c(low))",0.5628447532653809,"globally[7,∞](IL8(t) < c(high)) and globally[7,∞](IL8(t) > c(low))",0.5628447532653809,,,,,,,,,,,,,,,,,,,,,,,,,,,,,,,,,,,,,,,,,,,,,,,,,,,,,,,,,,,,,,,,
"globally[0,∞](d_IL8(t) > c(low)) and d_IL8(t)=0",0.50795937,"globally[0,∞](d_IL8(t) > c(low)) and d_IL8(t)=0",0.50795937,"globally[0,∞](d_IL8(t) > c(low)) and d_IL8(t)=0",0.5079593658447266,"globally[0,∞](d_IL8(t) > c(low)) and d_IL8(t)=0",0.5079593658447266,,,,,,,,,,,,,,,,,,,,,,,,,,,,,,,,,,,,,,,,,,,,,,,,,,,,,,,,,,,,,,,,
"globally[3,∞](IL8(t)=c(high))",0.55398154,"globally[3,∞](IL8(t)=c(high))",0.55398154,"globally[3,∞](IL8(t)=c(high))",0.5539815425872803,"globally[3,∞](IL8(t)=c(high))",0.5539815425872803,,,,,,,,,,,,,,,,,,,,,,,,,,,,,,,,,,,,,,,,,,,,,,,,,,,,,,,,,,,,,,,,
N/A,N/A,IL8(t)=c(low) and d_SARSCoV2(t) > d_c(high),0.5283301,IL8(t)=c(low) and d_SARSCoV2(t) > d_c(high),0.5283300876617432,IL8(t)=c(low) and d_SARSCoV2(t) > d_c(high),0.5283300876617432,,,,,,,,,,,,,,,,,,,,,,,,,,,,,,,,,,,,,,,,,,,,,,,,,,,,,,,,,,,,,,,,
"globally[0,3](IL8(t) > c(high))",0.5693258,"globally[0,3](IL8(t) > c(high))",0.5693258,"globally[0,3](IL8(t) > c(high))",0.5693258047103882,"globally[0,3](IL8(t) > c(high))",0.5693258047103882,,,,,,,,,,,,,,,,,,,,,,,,,,,,,,,,,,,,,,,,,,,,,,,,,,,,,,,,,,,,,,,,
N/A,N/A,N/A,N/A,N/A,N/A,N/A,N/A,,,,,,,,,,,,,,,,,,,,,,,,,,,,,,,,,,,,,,,,,,,,,,,,,,,,,,,,,,,,,,,,
"d_IL8(t) > d_c(low) and globally[14,∞](d_IL8(t)=0)",0.46705672,"d_IL8(t) > d_c(low) and globally[14,∞](d_IL8(t)=0)",0.46705672,"d_IL8(t) > d_c(low) and globally[14,∞](d_IL8(t)=0)",0.4670567214488983,"d_IL8(t) > d_c(low) and globally[14,∞](d_IL8(t)=0)",0.4670567214488983,,,,,,,,,,,,,,,,,,,,,,,,,,,,,,,,,,,,,,,,,,,,,,,,,,,,,,,,,,,,,,,,
IL8(t) > c(low),0.5179835,IL8(t) > c(low),0.5179835,IL8(t) > c(low),0.5179834961891174,IL8(t) > c(low),0.5179834961891174,,,,,,,,,,,,,,,,,,,,,,,,,,,,,,,,,,,,,,,,,,,,,,,,,,,,,,,,,,,,,,,,
"eventually[3,∞]globally(IL8(t) > c(high))",0.5667956,"eventually[3,∞]globally(IL8(t) > c(high))",0.5667956,"eventually[3,∞]globally(IL8(t) > c(high))",0.5667955875396729,"eventually[3,∞]globally(IL8(t) > c(high))",0.5667955875396729,,,,,,,,,,,,,,,,,,,,,,,,,,,,,,,,,,,,,,,,,,,,,,,,,,,,,,,,,,,,,,,,
N/A,N/A,"eventually[1,3]globally(IL8(t) = c(mid))",0.575399,"eventually[1,3]globally(IL8(t) = c(mid))",0.5753989815711975,"eventually[1,3]globally(IL8(t) = c(mid))",0.5753989815711975,,,,,,,,,,,,,,,,,,,,,,,,,,,,,,,,,,,,,,,,,,,,,,,,,,,,,,,,,,,,,,,,
IL6(t)=c(high) implies IL12(t) > c(high),0.46773225,IL6(t)=c(high) implies IL12(t) > c(high),0.46773225,"d_IL8(t) > c(low) and eventually[3,∞]globally(d_IL8(t)=c(low))",0.5756646394729614,"d_IL8(t) > c(low) and eventually[3,∞]globally(d_IL8(t)=c(low))",0.5756646394729614,,,,,,,,,,,,,,,,,,,,,,,,,,,,,,,,,,,,,,,,,,,,,,,,,,,,,,,,,,,,,,,,
"globally[0,∞](IL8(t)=c(high))",0.5434675,"globally[0,∞](IL8(t)=c(high))",0.5434675,"globally[0,3](IL8(t) > c(high))",0.5693258047103882,"globally[0,3](IL8(t) > c(high))",0.5693258047103882,,,,,,,,,,,,,,,,,,,,,,,,,,,,,,,,,,,,,,,,,,,,,,,,,,,,,,,,,,,,,,,,
IL8(t) > c(high),0.5479461,IL8(t) > c(high),0.5479461,IL8(t) > c(high),0.5479460954666138,IL8(t) > c(high),0.5479460954666138,,,,,,,,,,,,,,,,,,,,,,,,,,,,,,,,,,,,,,,,,,,,,,,,,,,,,,,,,,,,,,,,
"globally[0,3](d_IL8(t) > d_c(high))",0.4893958,"globally[0,3](d_IL8(t) > d_c(high))",0.4893958,"globally[0,3](d_IL8(t) > d_c(high))",0.48939579725265503,"globally[0,3](d_IL8(t) > d_c(high))",0.48939579725265503,,,,,,,,,,,,,,,,,,,,,,,,,,,,,,,,,,,,,,,,,,,,,,,,,,,,,,,,,,,,,,,,
N/A,N/A,"eventually[3,∞]globally(d_IL8(t) > c(high))",0.5667956,"eventually[3,∞]globally(d_IL8(t) > c(high))",0.5667955875396729,"eventually[3,∞]globally(d_IL8(t) > c(high))",0.5667955875396729,,,,,,,,,,,,,,,,,,,,,,,,,,,,,,,,,,,,,,,,,,,,,,,,,,,,,,,,,,,,,,,,
