S0-F0,S0-F0 sim,S0-F1,S0-F1 sim,S0-F2,S0-F2 sim,S0-F3,S0-F3 sim,S0-F4,S0-F4 sim,S1-F0,S1-F0 sim,S1-F1,S1-F1 sim,S1-F2,S1-F2 sim,S1-F3,S1-F3 sim,S1-F4,S1-F4 sim,S2-F0,S2-F0 sim,S2-F1,S2-F1 sim,S2-F2,S2-F2 sim,S2-F3,S2-F3 sim,S2-F4,S2-F4 sim,S3-F0,S3-F0 sim,S4-F0,S4-F0 sim,S5-F0,S5-F0 sim,S6-F0,S6-F0 sim,S7-F0,S7-F0 sim,S8-F0,S8-F0 sim,S9-F0,S9-F0 sim,S10-F0,S10-F0 sim,S11-F0,S11-F0 sim,S12-F0,S12-F0 sim,S13-F0,S13-F0 sim,S14-F0,S14-F0 sim,S15-F0,S15-F0 sim,S16-F0,S16-F0 sim,S17-F0,S17-F0 sim,S18-F0,S18-F0 sim,S19-F0,S19-F0 sim,S20-F0,S20-F0 sim,S21-F0,S21-F0 sim,S22-F0,S22-F0 sim,S23-F0,S23-F0 sim,S24-F0,S24-F0 sim,S25-F0,S25-F0 sim,S26-F0,S26-F0 sim
0.7253518,"globally[0,7](IL6(t) = c(high)) and globally[7,inf](d_IL6(t) < 0)",,,,,,,,,N/A,N/A,,,,,,,,,N/A,N/A,,,,,,,,,,,,,,,,,,,,,,,,,,,,,,,,,,,,,,,,,,,,,,,,,,,,,,,,
0.7394666,"eventually[0,7](IL6(t)=c(high)) and globally[7,inf](d_IL6(t) < 0)",,,,,,,,,N/A,N/A,,,,,,,,,N/A,N/A,,,,,,,,,0.7394666,"eventually[0,7](IL6(t)=c(high)) and globally[7,inf](d_IL6(t) < 0)",N/A,N/A,N/A,N/A,0.7253518,"globally[0,7](IL6(t) = c(high)) and globally[7,inf](d_IL6(t) < 0)",N/A,N/A,N/A,N/A,0.7253518,"globally[0,7](IL6(t) = c(high)) and globally[7,inf](d_IL6(t) < 0)",N/A,N/A,N/A,N/A,0.7253518,"globally[0,7](IL6(t) = c(high)) and globally[7,inf](d_IL6(t) < 0)",N/A,N/A,N/A,N/A,0.7403732,"globally[0,7](IL6(t) = c(high)) and eventually[7,inf](d_IL6(t) < 0)",N/A,N/A,N/A,N/A,0.7394666,"eventually[0,7](IL6(t) = c(high)) and globally[7,inf](d_IL6(t) < 0)",N/A,N/A,N/A,N/A,0.7394666,"eventually[0,7](IL6(t) = c(high)) and globally[7,inf](d_IL6(t) < 0)",N/A,N/A,N/A,N/A,0.7253518,"globally[0,7](IL6(t) = c(high)) and globally[7,inf](d_IL6(t) < 0)",N/A,N/A,N/A,N/A
0.7253518,"globally[0,7](IL6(t) = c(high)) and globally[7,inf](d_IL6(t) < 0)",,,,,,,,,N/A,N/A,,,,,,,,,N/A,N/A,,,,,,,,,,,,,,,,,,,,,,,,,,,,,,,,,,,,,,,,,,,,,,,,,,,,,,,,
0.7253518,"globally[0,7](IL6(t) = c(high)) and globally[7,inf](d_IL6(t) < 0)",,,,,,,,,N/A,N/A,,,,,,,,,N/A,N/A,,,,,,,,,,,,,,,,,,,,,,,,,,,,,,,,,,,,,,,,,,,,,,,,,,,,,,,,
0.7253518,"globally[0,7](IL6(t) = c(high)) and globally[7,inf](d_IL6(t) < 0)",,,,,,,,,N/A,N/A,,,,,,,,,N/A,N/A,,,,,,,,,,,,,,,,,,,,,,,,,,,,,,,,,,,,,,,,,,,,,,,,,,,,,,,,
0.72878975,"globally[0,7](IL6(t) = c(high)) and globally[8,inf](d_IL6(t) < 0)",,,,,,,,,N/A,N/A,,,,,,,,,N/A,N/A,,,,,,,,,,,,,,,,,,,,,,,,,,,,,,,,,,,,,,,,,,,,,,,,,,,,,,,,
0.7253518,"globally[0,7](IL6(t) = c(high)) and globally[7,inf](d_IL6(t) < 0)",,,,,,,,,N/A,N/A,,,,,,,,,N/A,N/A,,,,,,,,,,,,,,,,,,,,,,,,,,,,,,,,,,,,,,,,,,,,,,,,,,,,,,,,
0.7394666,"eventually[0,7](IL6(t) = c(high)) and globally[7,inf](d_IL6(t) < 0)",,,,,,,,,N/A,N/A,,,,,,,,,N/A,N/A,,,,,,,,,,,,,,,,,,,,,,,,,,,,,,,,,,,,,,,,,,,,,,,,,,,,,,,,
0.7253518,"globally[0,7](IL6(t) = c(high)) and globally[7,inf](d_IL6(t) < 0)",,,,,,,,,N/A,N/A,,,,,,,,,N/A,N/A,,,,,,,,,,,,,,,,,,,,,,,,,,,,,,,,,,,,,,,,,,,,,,,,,,,,,,,,
0.7253518,"globally[0,7](IL6(t) = c(high)) and globally[7,inf](d_IL6(t) < 0)",,,,,,,,,N/A,N/A,,,,,,,,,N/A,N/A,,,,,,,,,,,,,,,,,,,,,,,,,,,,,,,,,,,,,,,,,,,,,,,,,,,,,,,,
0.7394666,"eventually[0,7](IL6(t)=c(high)) and globally[7,inf](d_IL6(t) < 0)",,,,,,,,,N/A,N/A,,,,,,,,,N/A,N/A,,,,,,,,,,,,,,,,,,,,,,,,,,,,,,,,,,,,,,,,,,,,,,,,,,,,,,,,
0.7253518,"globally[0,7](IL6(t) = c(high)) and globally[7,inf](d_IL6(t) < 0)",,,,,,,,,N/A,N/A,,,,,,,,,N/A,N/A,,,,,,,,,,,,,,,,,,,,,,,,,,,,,,,,,,,,,,,,,,,,,,,,,,,,,,,,
0.7253518,"globally[0,7](IL6(t) = c(high)) and globally[7,inf](d_IL6(t) < 0)",,,,,,,,,N/A,N/A,,,,,,,,,N/A,N/A,,,,,,,,,,,,,,,,,,,,,,,,,,,,,,,,,,,,,,,,,,,,,,,,,,,,,,,,
0.7253518,"globally[0,7](IL6(t) = c(high)) and globally[7,inf](d_IL6(t) < 0)",,,,,,,,,N/A,N/A,,,,,,,,,N/A,N/A,,,,,,,,,,,,,,,,,,,,,,,,,,,,,,,,,,,,,,,,,,,,,,,,,,,,,,,,
0.7403732,"globally[0,7](IL6(t) = c(high)) and eventually[7,inf](d_IL6(t) < 0)",,,,,,,,,N/A,N/A,,,,,,,,,N/A,N/A,,,,,,,,,,,,,,,,,,,,,,,,,,,,,,,,,,,,,,,,,,,,,,,,,,,,,,,,
0.7394666,"eventually[0,7](IL6(t) = c(high)) and globally[7,inf](d_IL6(t) < 0)",,,,,,,,,N/A,N/A,,,,,,,,,N/A,N/A,,,,,,,,,,,,,,,,,,,,,,,,,,,,,,,,,,,,,,,,,,,,,,,,,,,,,,,,
0.7394666,"eventually[0,7](IL6(t) = c(high)) and globally[7,inf](d_IL6(t) < 0)",,,,,,,,,N/A,N/A,,,,,,,,,N/A,N/A,,,,,,,,,,,,,,,,,,,,,,,,,,,,,,,,,,,,,,,,,,,,,,,,,,,,,,,,
0.7253518,"globally[0,7](IL6(t) = c(high)) and globally[7,inf](d_IL6(t) < 0)",,,,,,,,,N/A,N/A,,,,,,,,,N/A,N/A,,,,,,,,,,,,,,,,,,,,,,,,,,,,,,,,,,,,,,,,,,,,,,,,,,,,,,,,
