S0-F0,S0-F0 sim,S0-F1,S0-F1 sim,S0-F2,S0-F2 sim,S0-F3,S0-F3 sim,S1-F0,S1-F0 sim,S1-F1,S1-F1 sim,S1-F2,S1-F2 sim,S1-F3,S1-F3 sim,S2-F0,S2-F0 sim,S2-F1,S2-F1 sim,S2-F2,S2-F2 sim,S2-F3,S2-F3 sim,S3-F0,S3-F0 sim,S4-F0,S4-F0 sim,S5-F0,S5-F0 sim,S6-F0,S6-F0 sim,S7-F0,S7-F0 sim,S8-F0,S8-F0 sim,S9-F0,S9-F0 sim,S9-F1,S9-F1 sim,S9-F2,S9-F2 sim,S9-F3,S9-F3 sim,S12-F0,S12-F0 sim,S13-F0,S13-F0 sim,S14-F0,S14-F0 sim,S15-F0,S15-F0 sim,S16-F0,S16-F0 sim,S16-F1,S16-F1 sim,S16-F2,S16-F2 sim,S16-F3,S16-F3 sim,S17-F0,S17-F0 sim,S18-F0,S18-F0 sim,S19-F0,S19-F0 sim,S20-F0,S20-F0 sim,S21-F0,S21-F0 sim,S22-F0,S22-F0 sim,S23-F0,S23-F0 sim,S23-F1,S23-F1 sim,S23-F2,S23-F2 sim,S23-F3,S23-F3 sim,S24-F0,S24-F0 sim,S24-F1,S24-F1 sim,S24-F2,S24-F2 sim,S25-F0,S25-F0 sim,S26-F0,S26-F0 sim
N/A,N/A,0.5497479,"eventually[0,1](d_IFNα(t) = d_c(high) and IFNβ(t) = c(high))",,,,,0.53243494,"eventually[0,1](d_IFNα(t) > d_c(high) and d_IFNβ(t) > d_c(high)) and eventually[0,1](IFNα(t) > c(mid) and IFNβ(t) > c(mid))",,,,,,,N/A,N/A,N/A,N/A,N/A,N/A,N/A,N/A,,,,,,,,,,,,,,,,,,,,,,,,,,,,,,,,,,,,,,,,,,,,,,,,,,,,,,,,,,,,,,,,,,
0.5012566,"eventually[0,1](d_IFNα(t) = d_c(high) and d_IFNβ(t) = d_c(high))",,,,,,,0.5254915,"eventually[0,1](d_IFNα(t) > d_c(high) and d_IFNβ(t) > d_c(high)) and eventually[0,1](IFNα(t) = c(high) and IFNβ(t) = c(high))",,,,,,,0.52616805,"eventually[0,1](d_IFNα(t) > d_c(high) and d_IFNβ(t) > d_c(high))",,,,,,,0.5012566,"eventually[0,1](d_IFNα(t) = d_c(high) and d_IFNβ(t) = d_c(high))",0.4882731,"eventually[0,1]globally(IFNα(t) > c(mid) and IFNβ(t) > c(mid)) and eventually[0,1](SARSCoV2(t) < c(low))",0.52149767,"eventually[0,1](d_IFNα(t)=d_c(high) and d_IFNβ(t)=d_c(high)) and eventually[0,1](IFNα(t)=c(high) and IFNβ(t)=c(high))",0.481544,"globally[0,1](d_IFNα(t) = d_c(high) and d_IFNβ(t) = d_c(high))",0.52149767,"eventually[0,1](d_IFNα(t) = d_c(high) and d_IFNβ(t) = d_c(high)) and eventually[0,1](IFNα(t) = c(high) and IFNβ(t) = c(high))",0.52616805,"eventually[0,1](d_IFNα(t) > d_c(high) and d_IFNβ(t) > d_c(high))",N/A,N/A,N/A,N/A,N/A,N/A,N/A,N/A,0.5012566,"eventually[0,1](d_IFNα(t) = d_c(high) and d_IFNβ(t) = d_c(high))",0.46639094,"eventually[0,1](d_IFNα(t) = d_c(high) and d_IFNβ(t) = d_c(high)) implies eventually[0,1](SARSCoV2(t) < c(low))",0.5255495,"eventually[0,1](d_IFNα(t) = d_c(high) and d_IFNβ(t) = d_c(high)) and eventually[0,1](IFNα(t) > c(high) and IFNβ(t) > c(high))",0.5012566,"eventually[0,1](d_IFNα(t) = d_c(high) and d_IFNβ(t) = d_c(high))",N/A,N/A,N/A,N/A,N/A,N/A,N/A,N/A,0.5255495,"eventually[0,1](d_IFNα(t) = d_c(high) and d_IFNβ(t) = d_c(high)) and eventually[0,1](IFNα(t) > c(high) and IFNβ(t) > c(high))",0.5021812,"eventually[0,1]globally(d_IFNα(t)=d_c(high) and d_IFNβ(t)=d_c(high))",0.52149767,"eventually[0,1](d_IFNα(t) = d_c(high) and d_IFNβ(t) = d_c(high)) and eventually[0,1](IFNα(t) = c(high) and IFNβ(t) = c(high))",0.52305186,"eventually[0,1](d_IFNα(t) > d_c(high) and d_IFNβ(t) > d_c(high)) and eventually[0,1](IFNα(t) > c(high) and IFNβ(t) > c(high))",0.5012566,"eventually[0,1](d_IFNα(t) = d_c(high) and d_IFNβ(t) = d_c(high))",0.5254915,"eventually[0,1](d_IFNα(t) > d_c(high) and d_IFNβ(t) > d_c(high)) and eventually[0,1](IFNα(t) = c(high) and IFNβ(t) = c(high))",N/A,N/A,N/A,N/A,N/A,N/A,N/A,N/A,N/A,N/A,N/A,N/A,0.52616805,"eventually[0,1](d_IFNα(t) > d_c(high) and d_IFNβ(t) > d_c(high))",0.5012566,"eventually[0,1](d_IFNα(t)=d_c(high) and d_IFNβ(t)=d_c(high))",0.5392711,"eventually[0,1](d_IFNα(t) > d_c(high) and d_IFNβ(t) > d_c(high)) and eventually[0,1]globally(IFNα(t) > c(mid) and IFNβ(t) > c(mid))"
N/A,N/A,0.5012566,"eventually[0,1](d_IFNα(t) = d_c(high) and d_IFNβ(t) = d_c(high))",,,,,N/A,N/A,N/A,N/A,N/A,N/A,N/A,N/A,0.5255495,"eventually[0,1](d_IFNα(t) = d_c(high) and d_IFNβ(t) = d_c(high)) and eventually[0,1](IFNα(t) > c(high) and IFNβ(t) > c(high))",,,,,,,,,,,,,,,,,,,,,,,,,,,,,,,,,,,,,,,,,,,,,,,,,,,,,,,,,,,,,,,,,,,,,,,,
0.51401675,"globally[0,1](d_IFNα(t) = d_c(high) and d_IFNβ(t) = d_c(high)) and eventually[0,1](IFNα(t) = c(high) and IFNβ(t) = c(high))",,,,,,,0.5012566,"eventually[0,1](d_IFNα(t) = d_c(high) and d_IFNβ(t) = d_c(high))",,,,,,,0.52773464,"eventually[0,1](d_IFNα(t) = d_c(high) and d_IFNβ(t) = d_c(high)) and eventually[0,1](IFNα(t) > c(mid) and IFNβ(t) > c(mid))",,,,,,,,,,,,,,,,,,,,,,,,,,,,,,,,,,,,,,,,,,,,,,,,,,,,,,,,,,,,,,,,,,,,,,,,
0.5012566,"eventually[0,1](d_IFNα(t) = d_c(high) and d_IFNβ(t) = d_c(high))",,,,,,,N/A,N/A,N/A,N/A,N/A,N/A,N/A,N/A,0.5012566,"eventually[0,1](d_IFNα(t)=d_c(high) and d_IFNβ(t)=d_c(high))",,,,,,,,,,,,,,,,,,,,,,,,,,,,,,,,,,,,,,,,,,,,,,,,,,,,,,,,,,,,,,,,,,,,,,,,
N/A,N/A,0.46639094,"eventually[0,1](d_IFNα(t) = d_c(high) and d_IFNβ(t) = d_c(high)) implies eventually[0,1](SARSCoV2(t) < c(low))",,,,,0.5012566,"eventually[0,1](d_IFNα(t) = d_c(high) and d_IFNβ(t) = d_c(high))",,,,,,,0.5012566,"eventually[0,1](d_IFNα(t) = d_c(high) and d_IFNβ(t) = d_c(high))",,,,,,,,,,,,,,,,,,,,,,,,,,,,,,,,,,,,,,,,,,,,,,,,,,,,,,,,,,,,,,,,,,,,,,,,
0.52149767,"eventually[0,1](d_IFNα(t) = d_c(high) and d_IFNβ(t) = d_c(high)) and eventually[0,1](IFNα(t) = c(high) and IFNβ(t) = c(high))",,,,,,,N/A,N/A,N/A,N/A,N/A,N/A,N/A,N/A,0.52616805,"eventually[0,1](d_IFNα(t) > d_c(high) and d_IFNβ(t) > d_c(high))",,,,,,,,,,,,,,,,,,,,,,,,,,,,,,,,,,,,,,,,,,,,,,,,,,,,,,,,,,,,,,,,,,,,,,,,
N/A,N/A,N/A,N/A,0.5012566,"eventually[0,1](d_IFNα(t)=d_c(high) and d_IFNβ(t)=d_c(high))",,,N/A,N/A,N/A,N/A,N/A,N/A,N/A,N/A,0.52773464,"eventually[0,1](d_IFNα(t)=d_c(high) and d_IFNβ(t)=d_c(high)) and eventually[0,1](IFNα(t) > c(mid) and IFNβ(t) > c(mid))",,,,,,,,,,,,,,,,,,,,,,,,,,,,,,,,,,,,,,,,,,,,,,,,,,,,,,,,,,,,,,,,,,,,,,,,
N/A,N/A,0.5026099,"eventually[0,1](d_IFNα(t) = d_c(high) and d_IFNβ(t) = d_c(high)) and IFNα(t) = c(high) and IFNβ(t) = c(high)",,,,,N/A,N/A,N/A,N/A,N/A,N/A,N/A,N/A,0.5012566,"eventually[0,1](d_IFNα(t) = d_c(high) and d_IFNβ(t) = d_c(high))",,,,,,,,,,,,,,,,,,,,,,,,,,,,,,,,,,,,,,,,,,,,,,,,,,,,,,,,,,,,,,,,,,,,,,,,
N/A,N/A,N/A,N/A,N/A,N/A,N/A,N/A,,,,,,,,,,,,,,,,,,,,,,,,,,,,,,,,,,,,,,,,,,,,,,,,,,,,,,,,,,,,,,,,,,,,,,,,,,,,,,,,,,
0.5012566,"eventually[0,1](d_IFNα(t) = d_c(high) and d_IFNβ(t) = d_c(high))",,,,,,,0.4882731,"eventually[0,1]globally(IFNα(t) > c(mid) and IFNβ(t) > c(mid)) and eventually[0,1](SARSCoV2(t) < c(low))",,,,,,,0.52149767,"eventually[0,1](d_IFNα(t)=d_c(high) and d_IFNβ(t)=d_c(high)) and eventually[0,1](IFNα(t)=c(high) and IFNβ(t)=c(high))",,,,,,,,,,,,,,,,,,,,,,,,,,,,,,,,,,,,,,,,,,,,,,,,,,,,,,,,,,,,,,,,,,,,,,,,
0.481544,"globally[0,1](d_IFNα(t) = d_c(high) and d_IFNβ(t) = d_c(high))",,,,,,,0.52149767,"eventually[0,1](d_IFNα(t) = d_c(high) and d_IFNβ(t) = d_c(high)) and eventually[0,1](IFNα(t) = c(high) and IFNβ(t) = c(high))",,,,,,,0.52616805,"eventually[0,1](d_IFNα(t) > d_c(high) and d_IFNβ(t) > d_c(high))",,,,,,,,,,,,,,,,,,,,,,,,,,,,,,,,,,,,,,,,,,,,,,,,,,,,,,,,,,,,,,,,,,,,,,,,
N/A,N/A,N/A,N/A,N/A,N/A,N/A,N/A,,,,,,,,,,,,,,,,,,,,,,,,,,,,,,,,,,,,,,,,,,,,,,,,,,,,,,,,,,,,,,,,,,,,,,,,,,,,,,,,,,
0.5012566,"eventually[0,1](d_IFNα(t) = d_c(high) and d_IFNβ(t) = d_c(high))",,,,,,,0.46639094,"eventually[0,1](d_IFNα(t) = d_c(high) and d_IFNβ(t) = d_c(high)) implies eventually[0,1](SARSCoV2(t) < c(low))",,,,,,,0.5255495,"eventually[0,1](d_IFNα(t) = d_c(high) and d_IFNβ(t) = d_c(high)) and eventually[0,1](IFNα(t) > c(high) and IFNβ(t) > c(high))",,,,,,,,,,,,,,,,,,,,,,,,,,,,,,,,,,,,,,,,,,,,,,,,,,,,,,,,,,,,,,,,,,,,,,,,
0.5012566,"eventually[0,1](d_IFNα(t) = d_c(high) and d_IFNβ(t) = d_c(high))",,,,,,,N/A,N/A,N/A,N/A,N/A,N/A,N/A,N/A,0.5255495,"eventually[0,1](d_IFNα(t) = d_c(high) and d_IFNβ(t) = d_c(high)) and eventually[0,1](IFNα(t) > c(high) and IFNβ(t) > c(high))",,,,,,,,,,,,,,,,,,,,,,,,,,,,,,,,,,,,,,,,,,,,,,,,,,,,,,,,,,,,,,,,,,,,,,,,
0.5021812,"eventually[0,1]globally(d_IFNα(t)=d_c(high) and d_IFNβ(t)=d_c(high))",,,,,,,0.52149767,"eventually[0,1](d_IFNα(t) = d_c(high) and d_IFNβ(t) = d_c(high)) and eventually[0,1](IFNα(t) = c(high) and IFNβ(t) = c(high))",,,,,,,0.52305186,"eventually[0,1](d_IFNα(t) > d_c(high) and d_IFNβ(t) > d_c(high)) and eventually[0,1](IFNα(t) > c(high) and IFNβ(t) > c(high))",,,,,,,,,,,,,,,,,,,,,,,,,,,,,,,,,,,,,,,,,,,,,,,,,,,,,,,,,,,,,,,,,,,,,,,,
0.5012566,"eventually[0,1](d_IFNα(t) = d_c(high) and d_IFNβ(t) = d_c(high))",,,,,,,0.5254915,"eventually[0,1](d_IFNα(t) > d_c(high) and d_IFNβ(t) > d_c(high)) and eventually[0,1](IFNα(t) = c(high) and IFNβ(t) = c(high))",,,,,,,N/A,N/A,N/A,N/A,N/A,N/A,N/A,N/A,,,,,,,,,,,,,,,,,,,,,,,,,,,,,,,,,,,,,,,,,,,,,,,,,,,,,,,,,,,,,,,,,,
N/A,N/A,N/A,N/A,0.52616805,"eventually[0,1](d_IFNα(t) > d_c(high) and d_IFNβ(t) > d_c(high))",,,0.5012566,"eventually[0,1](d_IFNα(t)=d_c(high) and d_IFNβ(t)=d_c(high))",,,,,,,0.5392711,"eventually[0,1](d_IFNα(t) > d_c(high) and d_IFNβ(t) > d_c(high)) and eventually[0,1]globally(IFNα(t) > c(mid) and IFNβ(t) > c(mid))",,,,,,,,,,,,,,,,,,,,,,,,,,,,,,,,,,,,,,,,,,,,,,,,,,,,,,,,,,,,,,,,,,,,,,,,
