Semantic attempt 0,Semantic attempt 0 sim,Semantic attempt 1,Semantic attempt 1 sim,Semantic attempt 2,Semantic attempt 2 sim,Number of improvements (relative to start)
N/A,N/A,N/A,N/A,N/A,N/A,0
N/A,N/A,N/A,N/A,N/A,N/A,0
N/A,N/A,N/A,N/A,N/A,N/A,0
N/A,N/A,N/A,N/A,N/A,N/A,0
N/A,N/A,N/A,N/A,N/A,N/A,0
N/A,N/A,N/A,N/A,N/A,N/A,0
N/A,N/A,N/A,N/A,N/A,N/A,0
N/A,N/A,N/A,N/A,N/A,N/A,0
N/A,N/A,N/A,N/A,N/A,N/A,0
N/A,N/A,N/A,N/A,N/A,N/A,0
N/A,N/A,N/A,N/A,N/A,N/A,0
N/A,N/A,N/A,N/A,N/A,N/A,0
N/A,N/A,N/A,N/A,N/A,N/A,0
N/A,N/A,N/A,N/A,N/A,N/A,0
N/A,N/A,N/A,N/A,N/A,N/A,0
N/A,N/A,N/A,N/A,N/A,N/A,0
N/A,N/A,N/A,N/A,N/A,N/A,0
N/A,N/A,N/A,N/A,N/A,N/A,0
