S0-F0,S0-F0 sim,S0-F1,S0-F1 sim,S0-F2,S0-F2 sim,S0-F3,S0-F3 sim,S1-F0,S1-F0 sim,S1-F1,S1-F1 sim,S1-F2,S1-F2 sim,S1-F3,S1-F3 sim,S2-F0,S2-F0 sim,S2-F1,S2-F1 sim,S2-F2,S2-F2 sim,S2-F3,S2-F3 sim,S3-F0,S3-F0 sim,S4-F0,S4-F0 sim,S4-F1,S4-F1 sim,S5-F0,S5-F0 sim,S6-F0,S6-F0 sim,S6-F1,S6-F1 sim,S6-F2,S6-F2 sim,S7-F0,S7-F0 sim,S8-F0,S8-F0 sim,S8-F1,S8-F1 sim,S9-F0,S9-F0 sim,S9-F1,S9-F1 sim,S9-F2,S9-F2 sim,S9-F3,S9-F3 sim,S10-F0,S10-F0 sim,S11-F0,S11-F0 sim,S11-F1,S11-F1 sim,S11-F2,S11-F2 sim,S11-F3,S11-F3 sim,S12-F0,S12-F0 sim,S14-F0,S14-F0 sim,S14-F1,S14-F1 sim,S14-F2,S14-F2 sim,S14-F3,S14-F3 sim,S16-F0,S16-F0 sim,S16-F1,S16-F1 sim,S16-F2,S16-F2 sim,S16-F3,S16-F3 sim
N/A,N/A,N/A,N/A,N/A,N/A,N/A,N/A,,,,,,,,,,,,,,,,,,,,,,,,,,,,,,,,,,,,,,,,,,,,,,,,,,,,,,,,,,,,,,,,,,,,,,,,
N/A,N/A,0.6095841,d_IL1β(t) < d_c(high),,,,,N/A,N/A,N/A,N/A,N/A,N/A,N/A,N/A,N/A,N/A,N/A,N/A,N/A,N/A,0.72702765,"eventually[1,7](d_IL1β(t) > d_c(high)) and eventually[8,14](d_IL1Ra(t) = d_c(high)) and eventually[15,inf](d_IL1β(t) < c(mid)) and eventually[15,inf](d_IL1Ra(t) < d_c(high))",0.7459502,"eventually[1,7](IL1β(t) < c(mid) and IL1Ra(t) < c(mid)) and eventually[8,14](IL1β(t) = c(mid) and IL1Ra(t) = c(mid)) and eventually[15,inf](IL1β(t) > c(low) and IL1Ra(t) > c(low))",N/A,N/A,0.7357518,"eventually[1,7]globally(IL1β(t) < c(mid)) and eventually[1,7]globally(IL1Ra(t) < c(mid)) and eventually[8,14]globally(IL1β(t) > c(mid)) and eventually[8,14]globally(IL1Ra(t) > c(mid)) and eventually[15,inf]globally(IL1β(t) < c(mid)) and eventually[15,inf]globally(IL1Ra(t) < c(mid))",0.7461971,"eventually[1,7]globally(IL1β(t) > c(mid) and IL1Ra(t) > c(mid)) and eventually[8,14]globally(IL1β(t) > c(high) and IL1Ra(t) > c(high)) and eventually[14,inf]globally(IL1β(t) < c(mid) and IL1Ra(t) < c(mid))",N/A,N/A,N/A,N/A,0.7711278,"eventually[1,7]globally(d_IL1β(t) > d_c(low)) and eventually[8,14]globally(d_IL1Ra(t) > c(mid)) and eventually[15,inf]globally(d_IL1β(t) < c(mid) and d_IL1Ra(t) < c(mid))",0.73198664,"eventually[1,7]globally(IL1β(t) < c(mid)) and eventually[8,14]globally(IL1β(t) > c(mid)) and eventually[15,inf]globally(IL1β(t) < c(mid)) and eventually[1,7]globally(IL1Ra(t) < c(mid)) and eventually[8,14]globally(IL1Ra(t) > c(mid)) and eventually[15,inf]globally(IL1Ra(t) < c(mid))",N/A,N/A,0.74345887,"eventually[1,7](IL1β(t)=c(mid) and IL1Ra(t) > c(high)) and eventually[8,14](IL1β(t)=c(mid) and IL1Ra(t) > c(high)) and eventually[15,inf](IL1β(t) < c(mid) and IL1Ra(t) < c(high))",N/A,N/A,N/A,N/A,N/A,N/A,N/A,N/A,0.74886686,"eventually[1,7]globally(IL1β(t) < c(mid) and IL1Ra(t) < c(mid)) and eventually[8,14]globally(IL1β(t) > c(mid) and IL1Ra(t) > c(mid)) and eventually[15,inf]globally(IL1β(t) < c(mid) and IL1Ra(t) < c(mid))",N/A,N/A,N/A,N/A,N/A,N/A,N/A,N/A,N/A,N/A,N/A,N/A,N/A,N/A,N/A,N/A,N/A,N/A,N/A,N/A,N/A,N/A,N/A,N/A,N/A,N/A
0.6828347,"eventually[1,7](d_IL1β(t) < d_c(high) and d_IL1Ra(t) < d_c(high)) and globally[8,14](d_IL1β(t) = d_c(high) and d_IL1Ra(t) = d_c(high)) and eventually[15,inf](d_IL1β(t) > d_c(low) and d_IL1Ra(t) > d_c(low))",,,,,,,N/A,N/A,N/A,N/A,N/A,N/A,N/A,N/A,,,,,,,,,,,,,,,,,,,,,,,,,,,,,,,,,,,,,,,,,,,,,,,,,,,,,,,,,,,,,,,,
N/A,N/A,N/A,N/A,N/A,N/A,N/A,N/A,,,,,,,,,,,,,,,,,,,,,,,,,,,,,,,,,,,,,,,,,,,,,,,,,,,,,,,,,,,,,,,,,,,,,,,,
0.73749614,"eventually[1,7](IL1β(t) > c(mid) and IL1Ra(t) > c(mid)) and eventually[8,14](IL1β(t) = c(high) and IL1Ra(t) = c(high)) and eventually[15,inf](IL1β(t) < c(low) and IL1Ra(t) < c(low))",,,,,,,N/A,N/A,N/A,N/A,N/A,N/A,N/A,N/A,,,,,,,,,,,,,,,,,,,,,,,,,,,,,,,,,,,,,,,,,,,,,,,,,,,,,,,,,,,,,,,,
0.70379066,"globally[1,7](IL1β(t) > c(low)) and globally[8,14](IL1β(t) > c(high)) and eventually[15,inf](IL1β(t) < c(low)) and globally[1,7](IL1Ra(t) > c(low)) and globally[8,14](IL1Ra(t) > c(high)) and eventually[15,inf](IL1Ra(t) < c(low))",,,,,,,0.72715783,"eventually[1,7]globally(IL1β(t) > c(mid)) and eventually[8,14]globally(IL1Ra(t) > c(high)) and eventually[15,inf]globally(IL1β(t) < c(low)) and eventually[15,inf]globally(IL1Ra(t) < c(low))",,,,,,,,,,,,,,,,,,,,,,,,,,,,,,,,,,,,,,,,,,,,,,,,,,,,,,,,,,,,,,,,,,,,,,
N/A,N/A,N/A,N/A,0.723567,"eventually[1,7]globally(d_IL1β(t) > c(low)) and eventually[8,14]globally(d_IL1Ra(t) > c(low)) and eventually[15, inf]globally(d_IL1β(t) < d_c(high) and d_IL1Ra(t) < d_c(high))",,,N/A,N/A,N/A,N/A,N/A,N/A,N/A,N/A,,,,,,,,,,,,,,,,,,,,,,,,,,,,,,,,,,,,,,,,,,,,,,,,,,,,,,,,,,,,,,,,
N/A,N/A,,,,,,,,,,,,,,,,,,,,,,,,,,,,,,,,,,,,,,,,,,,,,,,,,,,,,,,,,,,,,,,,,,,,,,,,,,,,,,
N/A,N/A,0.7456821,"eventually[1,7]globally(IL1β(t) < c(high)) and eventually[8,14]globally(IL1β(t) > c(high)) and eventually[15,inf]globally(IL1β(t) < c(high)) and IL1Ra(t) > c(mid)",,,,,N/A,N/A,N/A,N/A,N/A,N/A,N/A,N/A,,,,,,,,,,,,,,,,,,,,,,,,,,,,,,,,,,,,,,,,,,,,,,,,,,,,,,,,,,,,,,,,
N/A,N/A,0.68788683,"eventually[1,7]globally(d_IL1β(t) < d_c(high)) and eventually[8,14]globally(d_IL1Ra(t) < d_c(high)) and globally[15,inf](d_IL1Ra(t) < d_c(low))",,,,,0.7040001,"globally[1,7](IL1β(t) < c(high)) and globally[8,14](IL1β(t) = c(high)) and globally[1,7](IL1Ra(t) < c(high)) and globally[8,14](IL1Ra(t) = c(high)) and eventually[15,inf](IL1β(t) < c(low)) and eventually[15,inf](IL1Ra(t) < c(low))",,,,,,,,,,,,,,,,,,,,,,,,,,,,,,,,,,,,,,,,,,,,,,,,,,,,,,,,,,,,,,,,,,,,,,
N/A,N/A,N/A,N/A,N/A,N/A,0.72702765,"eventually[1,7](d_IL1β(t) > d_c(high)) and eventually[8,14](d_IL1Ra(t) = d_c(high)) and eventually[15,inf](d_IL1β(t) < c(mid)) and eventually[15,inf](d_IL1Ra(t) < d_c(high))",0.7459502,"eventually[1,7](IL1β(t) < c(mid) and IL1Ra(t) < c(mid)) and eventually[8,14](IL1β(t) = c(mid) and IL1Ra(t) = c(mid)) and eventually[15,inf](IL1β(t) > c(low) and IL1Ra(t) > c(low))",,,,,,,,,,,,,,,,,,,,,,,,,,,,,,,,,,,,,,,,,,,,,,,,,,,,,,,,,,,,,,,,,,,,,,
N/A,N/A,0.7357518,"eventually[1,7]globally(IL1β(t) < c(mid)) and eventually[1,7]globally(IL1Ra(t) < c(mid)) and eventually[8,14]globally(IL1β(t) > c(mid)) and eventually[8,14]globally(IL1Ra(t) > c(mid)) and eventually[15,inf]globally(IL1β(t) < c(mid)) and eventually[15,inf]globally(IL1Ra(t) < c(mid))",,,,,0.7461971,"eventually[1,7]globally(IL1β(t) > c(mid) and IL1Ra(t) > c(mid)) and eventually[8,14]globally(IL1β(t) > c(high) and IL1Ra(t) > c(high)) and eventually[14,inf]globally(IL1β(t) < c(mid) and IL1Ra(t) < c(mid))",,,,,,,,,,,,,,,,,,,,,,,,,,,,,,,,,,,,,,,,,,,,,,,,,,,,,,,,,,,,,,,,,,,,,,
N/A,N/A,N/A,N/A,0.7711278,"eventually[1,7]globally(d_IL1β(t) > d_c(low)) and eventually[8,14]globally(d_IL1Ra(t) > c(mid)) and eventually[15,inf]globally(d_IL1β(t) < c(mid) and d_IL1Ra(t) < c(mid))",,,0.73198664,"eventually[1,7]globally(IL1β(t) < c(mid)) and eventually[8,14]globally(IL1β(t) > c(mid)) and eventually[15,inf]globally(IL1β(t) < c(mid)) and eventually[1,7]globally(IL1Ra(t) < c(mid)) and eventually[8,14]globally(IL1Ra(t) > c(mid)) and eventually[15,inf]globally(IL1Ra(t) < c(mid))",,,,,,,,,,,,,,,,,,,,,,,,,,,,,,,,,,,,,,,,,,,,,,,,,,,,,,,,,,,,,,,,,,,,,,
N/A,N/A,0.74345887,"eventually[1,7](IL1β(t)=c(mid) and IL1Ra(t) > c(high)) and eventually[8,14](IL1β(t)=c(mid) and IL1Ra(t) > c(high)) and eventually[15,inf](IL1β(t) < c(mid) and IL1Ra(t) < c(high))",,,,,N/A,N/A,N/A,N/A,N/A,N/A,N/A,N/A,,,,,,,,,,,,,,,,,,,,,,,,,,,,,,,,,,,,,,,,,,,,,,,,,,,,,,,,,,,,,,,,
0.74886686,"eventually[1,7]globally(IL1β(t) < c(mid) and IL1Ra(t) < c(mid)) and eventually[8,14]globally(IL1β(t) > c(mid) and IL1Ra(t) > c(mid)) and eventually[15,inf]globally(IL1β(t) < c(mid) and IL1Ra(t) < c(mid))",,,,,,,N/A,N/A,N/A,N/A,N/A,N/A,N/A,N/A,,,,,,,,,,,,,,,,,,,,,,,,,,,,,,,,,,,,,,,,,,,,,,,,,,,,,,,,,,,,,,,,
N/A,N/A,,,,,,,,,,,,,,,,,,,,,,,,,,,,,,,,,,,,,,,,,,,,,,,,,,,,,,,,,,,,,,,,,,,,,,,,,,,,,,
N/A,N/A,N/A,N/A,N/A,N/A,N/A,N/A,,,,,,,,,,,,,,,,,,,,,,,,,,,,,,,,,,,,,,,,,,,,,,,,,,,,,,,,,,,,,,,,,,,,,,,,
N/A,N/A,N/A,N/A,N/A,N/A,N/A,N/A,,,,,,,,,,,,,,,,,,,,,,,,,,,,,,,,,,,,,,,,,,,,,,,,,,,,,,,,,,,,,,,,,,,,,,,,
