S0-F0,S0-F0 sim,S0-F1,S0-F1 sim,S0-F2,S0-F2 sim,S1-F0,S1-F0 sim,S1-F1,S1-F1 sim,S1-F2,S1-F2 sim,S2-F0,S2-F0 sim,S2-F1,S2-F1 sim,S2-F2,S2-F2 sim,S3-F0,S3-F0 sim,S4-F0,S4-F0 sim,S4-F1,S4-F1 sim,S4-F2,S4-F2 sim,S5-F0,S5-F0 sim,S6-F0,S6-F0 sim,S6-F1,S6-F1 sim,S6-F2,S6-F2 sim,S9-F0,S9-F0 sim,S9-F1,S9-F1 sim,S9-F2,S9-F2 sim,S12-F0,S12-F0 sim,S13-F0,S13-F0 sim,S14-F0,S14-F0 sim,S15-F0,S15-F0 sim,S16-F0,S16-F0 sim,S17-F0,S17-F0 sim,S18-F0,S18-F0 sim,S19-F0,S19-F0 sim,S20-F0,S20-F0 sim,S21-F0,S21-F0 sim,S22-F0,S22-F0 sim,S23-F0,S23-F0 sim,S24-F0,S24-F0 sim,S24-F1,S24-F1 sim,S25-F0,S25-F0 sim,S26-F0,S26-F0 sim
N/A,N/A,0.39998937,"globally[1,7](d_TNFα(t) > 0) and globally[8,14](d_TNFα(t) > 0) and eventually[14,∞](d_TNFα(t) < 0)",,,N/A,N/A,N/A,N/A,N/A,N/A,N/A,N/A,N/A,N/A,N/A,N/A,,,,,,,,,,,,,,,,,,,,,,,,,,,,,,,,,,,,,,,,,,,,,,,,,,,,,,
N/A,N/A,0.39998937,"globally[1,7](TNFα(t) > c(low)) and globally[8,14](TNFα(t) > c(low)) and eventually[14,∞](TNFα(t) < c(high))",,,0.39998937,"eventually[1,7](TNFα(t) > c(high)) and eventually[8,14](TNFα(t) > c(high)) and eventually[15,∞](TNFα(t) < c(low))",,,,,0.39998937,"eventually[1,7](TNFα(t) > c(high)) and eventually[8,14](TNFα(t) > c(high)) and eventually[15,∞](TNFα(t) < c(high))",,,,,0.39998937,"eventually[1,7]globally(TNFα(t) > c(high)) and eventually[8,14]globally(TNFα(t) > c(high)) and eventually[15,∞]globally(TNFα(t) < c(high))",N/A,N/A,N/A,N/A,N/A,N/A,0.39998937,"eventually[1,7]globally(TNFα(t)=c(high)) and eventually[8,14]globally(TNFα(t)=c(high)) and eventually[15,∞]globally(TNFα(t)=c(low))",N/A,N/A,N/A,N/A,N/A,N/A,N/A,N/A,N/A,N/A,N/A,N/A,0.39998937,"eventually[1,7]globally(TNFα(t) > c(high)) and eventually[8,14]globally(TNFα(t) > c(high)) and eventually[15,∞]globally(TNFα(t) < c(low))",0.39998937,"eventually[1,7](TNFα(t) > c(high)) and eventually[8,14](TNFα(t) > c(high)) and globally[15,∞](TNFα(t) < c(low))",0.39998937,"eventually[1,7]globally(TNFα(t)=c(high)) and eventually[8,14]globally(TNFα(t)=c(high)) and eventually[15,∞]globally(TNFα(t)=c(low))",0.39998937,"eventually[1,7](TNFα(t)=c(high)) and eventually[8,14](TNFα(t)=c(high)) and eventually[15,∞](TNFα(t)=c(low))",0.39998937,"eventually[1,7]globally(TNFα(t) = c(high)) and eventually[8,14]globally(TNFα(t) = c(high)) and eventually[15,∞]globally(TNFα(t) < c(high))",0.39998937,"globally[1,7](TNFα(t) > c(mid)) and globally[8,14](TNFα(t) > c(mid)) and eventually[14,∞](TNFα(t) < c(high))",0.39998937,"eventually[1,7](TNFα(t) > c(high)) and eventually[8,14](TNFα(t) > c(high)) and eventually[15,∞](TNFα(t) < c(low))",0.39998937,"eventually[1,7]globally(TNFα(t)=c(mid)) and eventually[8,14]globally(TNFα(t)=c(mid)) and eventually[15,∞]globally(TNFα(t)=c(high))",0.39998937,"eventually[1,7](TNFα(t) > c(mid)) and eventually[8,14](TNFα(t) > c(mid)) and globally[15,∞](TNFα(t) < c(low))",0.39998937,"eventually[1,7]globally(TNFα(t) > c(mid)) and eventually[8,14]globally(TNFα(t) > c(mid)) and eventually[15,∞]globally(TNFα(t) < c(low))",0.39998937,"eventually[1,7]globally(TNFα(t) = c(high)) and eventually[8,14]globally(TNFα(t) = c(high)) and eventually[15,∞]globally(TNFα(t) < c(low))",0.39998937,"globally[1,7](TNFα(t)=c(high)) and globally[8,14](TNFα(t)=c(high)) and eventually[15,∞](TNFα(t)=c(low))",N/A,N/A,0.39998937,"globally[1,7](TNFα(t) = c(mid)) and globally[8,14](TNFα(t) = c(mid)) and eventually[14,∞](TNFα(t) < c(low))",0.39998937,"globally[1,7](TNFα(t) > c(mid)) and globally[8,14](TNFα(t) > c(mid)) and eventually[14,∞](TNFα(t) < c(high))",0.39998937,"eventually[1,7]globally(TNFα(t) > c(high)) and eventually[8,14]globally(TNFα(t) > c(high)) and eventually[15,∞]globally(TNFα(t) < c(high))"
N/A,N/A,N/A,N/A,N/A,N/A,,,,,,,,,,,,,,,,,,,,,,,,,,,,,,,,,,,,,,,,,,,,,,,,,,,,,,,,,,,,,,,,,,
0.39998937,"globally[1,7](TNFα(t) > c(mid)) and globally[8,14](TNFα(t) > c(mid)) and eventually[14,∞](TNFα(t) < c(low))",,,,,N/A,N/A,N/A,N/A,N/A,N/A,0.39998937,"globally[1,7](TNFα(t) > c(high)) and globally[8,14](TNFα(t) > c(high)) and eventually[15,∞](TNFα(t) < c(high))",,,,,,,,,,,,,,,,,,,,,,,,,,,,,,,,,,,,,,,,,,,,,,,,,,,,,,,,,,
N/A,N/A,0.39998937,"eventually[1,7]globally(TNFα(t)=c(high)) and eventually[8,14]globally(TNFα(t)=c(high)) and eventually[15,∞]globally(TNFα(t)=c(low))",,,0.39998937,"eventually[1,7]globally(TNFα(t) > c(high)) and eventually[8,14]globally(TNFα(t) > c(high)) and eventually[15,∞](TNFα(t) < c(low))",,,,,0.39998937,"globally[1,7](TNFα(t) > c(mid)) and globally[8,14](TNFα(t) > c(mid)) and eventually[15,∞](TNFα(t) < c(low))",,,,,,,,,,,,,,,,,,,,,,,,,,,,,,,,,,,,,,,,,,,,,,,,,,,,,,,,,,
0.39998937,"globally[1,7](TNFα(t) = c(high)) and globally[8,14](TNFα(t) = c(high)) and eventually[15,∞](TNFα(t) = c(low))",,,,,N/A,N/A,N/A,N/A,N/A,N/A,0.39998937,"eventually[1,7]globally(TNFα(t) > c(mid)) and eventually[8,14]globally(TNFα(t) > c(mid)) and globally[15,∞](TNFα(t) < c(low))",,,,,,,,,,,,,,,,,,,,,,,,,,,,,,,,,,,,,,,,,,,,,,,,,,,,,,,,,,
N/A,N/A,N/A,N/A,0.39998937,"globally[1,7](TNFα(t) > c(low)) and globally[8,14](TNFα(t) > c(low)) and eventually[15,∞](TNFα(t) < c(low))",0.39998937,"eventually[1,7]globally(TNFα(t) = c(high)) and eventually[8,14]globally(TNFα(t) = c(high)) and eventually[15,∞]globally(TNFα(t) = c(low))",,,,,N/A,N/A,N/A,N/A,N/A,N/A,,,,,,,,,,,,,,,,,,,,,,,,,,,,,,,,,,,,,,,,,,,,,,,,,,,,,,
N/A,N/A,0.39998937,"eventually[1,7]globally(TNFα(t) = c(high)) and eventually[8,14]globally(TNFα(t) = c(high)) and eventually[14,∞]globally(TNFα(t) = c(low))",,,0.39998937,"eventually[1,7]globally(d_TNFα(t)=d_c(high)) and eventually[8,14]globally(d_TNFα(t)=d_c(high)) and eventually[15,∞]globally(d_TNFα(t)=d_c(low))",,,,,0.39998937,"eventually[1,7]globally(TNFα(t) > c(high)) and eventually[8,14]globally(TNFα(t) > c(high)) and eventually[15,∞]globally(TNFα(t) > c(low))",,,,,,,,,,,,,,,,,,,,,,,,,,,,,,,,,,,,,,,,,,,,,,,,,,,,,,,,,,
0.39998937,"eventually[1,7]globally(TNFα(t) > c(high)) and eventually[8,14]globally(TNFα(t) > c(high)) and eventually[15,∞]globally(TNFα(t) < c(low))",,,,,N/A,N/A,N/A,N/A,N/A,N/A,N/A,N/A,N/A,N/A,N/A,N/A,,,,,,,,,,,,,,,,,,,,,,,,,,,,,,,,,,,,,,,,,,,,,,,,,,,,,,
N/A,N/A,N/A,N/A,N/A,N/A,,,,,,,,,,,,,,,,,,,,,,,,,,,,,,,,,,,,,,,,,,,,,,,,,,,,,,,,,,,,,,,,,,
0.39998937,"eventually[1,7]globally(TNFα(t) > c(high)) and eventually[8,14]globally(TNFα(t) > c(high)) and eventually[15,∞]globally(TNFα(t) < c(high))",,,,,N/A,N/A,N/A,N/A,N/A,N/A,0.39998937,"eventually[1,7]globally(TNFα(t)=c(high)) and eventually[8,14]globally(TNFα(t)=c(high)) and eventually[15,∞]globally(TNFα(t)=c(low))",,,,,,,,,,,,,,,,,,,,,,,,,,,,,,,,,,,,,,,,,,,,,,,,,,,,,,,,,,
N/A,N/A,N/A,N/A,N/A,N/A,,,,,,,,,,,,,,,,,,,,,,,,,,,,,,,,,,,,,,,,,,,,,,,,,,,,,,,,,,,,,,,,,,
N/A,N/A,N/A,N/A,N/A,N/A,,,,,,,,,,,,,,,,,,,,,,,,,,,,,,,,,,,,,,,,,,,,,,,,,,,,,,,,,,,,,,,,,,
0.39998937,"eventually[1,7]globally(TNFα(t) > c(high)) and eventually[8,14]globally(TNFα(t) > c(high)) and eventually[15,∞]globally(TNFα(t) < c(low))",,,,,0.39998937,"eventually[1,7](TNFα(t) > c(high)) and eventually[8,14](TNFα(t) > c(high)) and globally[15,∞](TNFα(t) < c(low))",,,,,0.39998937,"eventually[1,7]globally(TNFα(t)=c(high)) and eventually[8,14]globally(TNFα(t)=c(high)) and eventually[15,∞]globally(TNFα(t)=c(low))",,,,,,,,,,,,,,,,,,,,,,,,,,,,,,,,,,,,,,,,,,,,,,,,,,,,,,,,,,
0.39998937,"eventually[1,7](TNFα(t)=c(high)) and eventually[8,14](TNFα(t)=c(high)) and eventually[15,∞](TNFα(t)=c(low))",,,,,0.39998937,"eventually[1,7]globally(TNFα(t) = c(high)) and eventually[8,14]globally(TNFα(t) = c(high)) and eventually[15,∞]globally(TNFα(t) < c(high))",,,,,0.39998937,"globally[1,7](TNFα(t) > c(mid)) and globally[8,14](TNFα(t) > c(mid)) and eventually[14,∞](TNFα(t) < c(high))",,,,,,,,,,,,,,,,,,,,,,,,,,,,,,,,,,,,,,,,,,,,,,,,,,,,,,,,,,
0.39998937,"eventually[1,7](TNFα(t) > c(high)) and eventually[8,14](TNFα(t) > c(high)) and eventually[15,∞](TNFα(t) < c(low))",,,,,0.39998937,"eventually[1,7]globally(TNFα(t)=c(mid)) and eventually[8,14]globally(TNFα(t)=c(mid)) and eventually[15,∞]globally(TNFα(t)=c(high))",,,,,0.39998937,"eventually[1,7](TNFα(t) > c(mid)) and eventually[8,14](TNFα(t) > c(mid)) and globally[15,∞](TNFα(t) < c(low))",,,,,,,,,,,,,,,,,,,,,,,,,,,,,,,,,,,,,,,,,,,,,,,,,,,,,,,,,,
0.39998937,"eventually[1,7]globally(TNFα(t) > c(mid)) and eventually[8,14]globally(TNFα(t) > c(mid)) and eventually[15,∞]globally(TNFα(t) < c(low))",,,,,0.39998937,"eventually[1,7]globally(TNFα(t) = c(high)) and eventually[8,14]globally(TNFα(t) = c(high)) and eventually[15,∞]globally(TNFα(t) < c(low))",,,,,0.39998937,"globally[1,7](TNFα(t)=c(high)) and globally[8,14](TNFα(t)=c(high)) and eventually[15,∞](TNFα(t)=c(low))",,,,,,,,,,,,,,,,,,,,,,,,,,,,,,,,,,,,,,,,,,,,,,,,,,,,,,,,,,
N/A,N/A,0.39998937,"globally[1,7](TNFα(t) = c(mid)) and globally[8,14](TNFα(t) = c(mid)) and eventually[14,∞](TNFα(t) < c(low))",,,0.39998937,"globally[1,7](TNFα(t) > c(mid)) and globally[8,14](TNFα(t) > c(mid)) and eventually[14,∞](TNFα(t) < c(high))",,,,,0.39998937,"eventually[1,7]globally(TNFα(t) > c(high)) and eventually[8,14]globally(TNFα(t) > c(high)) and eventually[15,∞]globally(TNFα(t) < c(high))",,,,,,,,,,,,,,,,,,,,,,,,,,,,,,,,,,,,,,,,,,,,,,,,,,,,,,,,,,
