S0-F0,S0-F0 sim,S0-F1,S0-F1 sim,S0-F2,S0-F2 sim,S0-F3,S0-F3 sim,S1-F0,S1-F0 sim,S1-F1,S1-F1 sim,S1-F2,S1-F2 sim,S1-F3,S1-F3 sim,S2-F0,S2-F0 sim,S2-F1,S2-F1 sim,S2-F2,S2-F2 sim,S2-F3,S2-F3 sim,S4-F0,S4-F0 sim,S4-F1,S4-F1 sim,S4-F2,S4-F2 sim,S4-F3,S4-F3 sim,S5-F0,S5-F0 sim,S5-F1,S5-F1 sim,S5-F2,S5-F2 sim,S5-F3,S5-F3 sim,S6-F0,S6-F0 sim,S6-F1,S6-F1 sim,S6-F2,S6-F2 sim,S6-F3,S6-F3 sim,S7-F0,S7-F0 sim,S7-F1,S7-F1 sim,S7-F2,S7-F2 sim,S7-F3,S7-F3 sim,S8-F0,S8-F0 sim,S9-F0,S9-F0 sim,S10-F0,S10-F0 sim,S10-F1,S10-F1 sim,S10-F2,S10-F2 sim,S10-F3,S10-F3 sim,S12-F0,S12-F0 sim,S13-F0,S13-F0 sim,S14-F0,S14-F0 sim,S14-F1,S14-F1 sim,S14-F2,S14-F2 sim,S14-F3,S14-F3 sim,S16-F0,S16-F0 sim,S16-F1,S16-F1 sim,S17-F0,S17-F0 sim
N/A,N/A,N/A,N/A,N/A,N/A,N/A,N/A,,,,,,,,,,,,,,,,,,,,,,,,,,,,,,,,,,,,,,,,,,,,,,,,,,,,,,,,,,,,,,,,,,,,,,,,,,,,,,
N/A,N/A,N/A,N/A,0.5558141,"globally[1,7](IFNβ(t) = c(low)) and eventually[8,14]globally(d_IFNβ(t) > d_c(low)) and eventually[15,inf]globally(d_IFNβ(t) > d_c(high)) and eventually[8,14]globally(IFNβ(t) > c(mid)) and eventually[15,inf]globally(IFNβ(t) > c(high)) and eventually[8,14]globally(IFNβ(t) > c(mid)) and eventually[15,inf]globally(IFNβ(t) > c(high))",,,0.5361006,"globally[1,7](IFNβ(t) = c(mid)) and globally[8,14](IFNβ(t) > c(mid)) and globally[15,inf](IFNβ(t) > c(mid)) and d_IFNβ(t) < d_c(low) implies d_IFNβ(t) < d_c(low)",,,,,,,N/A,N/A,N/A,N/A,N/A,N/A,N/A,N/A,N/A,N/A,N/A,N/A,N/A,N/A,0.56724477,"eventually[1,7](d_IFNβ(t)=0) and eventually[1,7](d_IFNβ(t) > c(high) and d_IFNβ(t) > c(high))",N/A,N/A,N/A,N/A,N/A,N/A,N/A,N/A,N/A,N/A,N/A,N/A,N/A,N/A,0.4211115,"eventually[1,7]globally(IL1β(t) = c(mid)) and eventually[8,14]globally(IL1β(t) > c(mid)) and eventually[14,inf]globally(IL1β(t) > c(mid))",N/A,N/A,N/A,N/A,N/A,N/A,N/A,N/A,0.57723904,"globally[1,7](IFNβ(t) = c(mid)) and eventually[8,14]globally(IFNβ(t) > c(mid) implies IFNβ(t) > c(mid)) and eventually[14,inf](IFNβ(t) > c(mid) implies IFNβ(t) > c(mid))",0.59075224,"globally[1,7](IFNβ(t) = c(mid)) and eventually[8,14]globally(IFNβ(t) > c(mid)) and eventually[15,inf]globally(IFNβ(t) > c(high))",N/A,N/A,N/A,N/A,N/A,N/A,N/A,N/A,0.55704,"eventually[1,7]globally(IFNβ(t) = c(mid)) and eventually[8,14]globally(IFNβ(t) > c(high)) and eventually[15,inf]globally(IFNβ(t) > c(high)) and globally[1,7](IFNβ(t) = c(mid)) and globally[1,7](IFNβ(t) = c(mid)) and globally[1,7](IFNβ(t) = c(mid)) and eventually[8,14]globally(IFNβ(t) > c(high)) and eventually[15,inf]globally(IFNβ(t) > c(high)) and globally[1,7](IFNβ(t) = c(mid)) and globally[1,7](IFNβ(t) = c(mid)) and globally[1,7](IFNβ(t) = c(mid))",0.5685772,"eventually[1,7]globally(IFNβ(t) = c(mid)) and eventually[8,14]globally(IFNβ(t) > c(mid)) and eventually[14,inf]globally(IFNβ(t) > c(mid)) and eventually[1,7]globally(IFNβ(t) < c(mid)) and eventually[8,14]globally(IFNβ(t) > c(mid)) and eventually[14,inf]globally(IFNβ(t) > c(mid))",N/A,N/A,N/A,N/A,N/A,N/A,N/A,N/A,N/A,N/A,0.5899718,"globally[1,7](IFNβ(t) = c(mid)) and globally[1,7](IFNβ(t) > c(mid))",0.5992187,"IFNβ(t) = c(low) and globally[1,7](IFNβ(t) = c(mid)) and eventually[8,14]globally(IFNβ(t) > c(mid)) and eventually[14,inf]globally(IFNβ(t) > c(high))"
N/A,N/A,N/A,N/A,0.54024094,"eventually[1,7]globally(IFNβ(t) = c(low)) and eventually[8,14]globally(IFNβ(t) > c(low))",,,0.5856799,"eventually[1,7]globally(IFNβ(t) = c(low) and d_IFNβ(t)=0) and eventually[8,14]globally(IFNβ(t) > c(mid)) and eventually[14,inf]globally(IFNβ(t) > c(mid)) and globally[1,7](IFNβ(t) = c(low)) and globally[1,7](IFNβ(t) = c(mid)) and globally[1,7](IFNβ(t) = c(high))",,,,,,,,,,,,,,,,,,,,,,,,,,,,,,,,,,,,,,,,,,,,,,,,,,,,,,,,,,,,,,,,,,,,,,,,,,,,
N/A,N/A,N/A,N/A,N/A,N/A,,,,,,,,,,,,,,,,,,,,,,,,,,,,,,,,,,,,,,,,,,,,,,,,,,,,,,,,,,,,,,,,,,,,,,,,,,,,,,,,
N/A,N/A,N/A,N/A,N/A,N/A,N/A,N/A,,,,,,,,,,,,,,,,,,,,,,,,,,,,,,,,,,,,,,,,,,,,,,,,,,,,,,,,,,,,,,,,,,,,,,,,,,,,,,
N/A,N/A,N/A,N/A,N/A,N/A,N/A,N/A,,,,,,,,,,,,,,,,,,,,,,,,,,,,,,,,,,,,,,,,,,,,,,,,,,,,,,,,,,,,,,,,,,,,,,,,,,,,,,
N/A,N/A,,,,,,,,,,,,,,,,,,,,,,,,,,,,,,,,,,,,,,,,,,,,,,,,,,,,,,,,,,,,,,,,,,,,,,,,,,,,,,,,,,,,
N/A,N/A,,,,,,,,,,,,,,,,,,,,,,,,,,,,,,,,,,,,,,,,,,,,,,,,,,,,,,,,,,,,,,,,,,,,,,,,,,,,,,,,,,,,
N/A,N/A,N/A,N/A,N/A,N/A,N/A,N/A,,,,,,,,,,,,,,,,,,,,,,,,,,,,,,,,,,,,,,,,,,,,,,,,,,,,,,,,,,,,,,,,,,,,,,,,,,,,,,
N/A,N/A,N/A,N/A,N/A,N/A,N/A,N/A,,,,,,,,,,,,,,,,,,,,,,,,,,,,,,,,,,,,,,,,,,,,,,,,,,,,,,,,,,,,,,,,,,,,,,,,,,,,,,
N/A,N/A,N/A,N/A,N/A,N/A,N/A,N/A,,,,,,,,,,,,,,,,,,,,,,,,,,,,,,,,,,,,,,,,,,,,,,,,,,,,,,,,,,,,,,,,,,,,,,,,,,,,,,
N/A,N/A,N/A,N/A,N/A,N/A,0.56724477,"eventually[1,7](d_IFNβ(t)=0) and eventually[1,7](d_IFNβ(t) > c(high) and d_IFNβ(t) > c(high))",N/A,N/A,N/A,N/A,N/A,N/A,N/A,N/A,,,,,,,,,,,,,,,,,,,,,,,,,,,,,,,,,,,,,,,,,,,,,,,,,,,,,,,,,,,,,,,,,,,,,,
N/A,N/A,N/A,N/A,N/A,N/A,0.4211115,"eventually[1,7]globally(IL1β(t) = c(mid)) and eventually[8,14]globally(IL1β(t) > c(mid)) and eventually[14,inf]globally(IL1β(t) > c(mid))",N/A,N/A,N/A,N/A,N/A,N/A,N/A,N/A,,,,,,,,,,,,,,,,,,,,,,,,,,,,,,,,,,,,,,,,,,,,,,,,,,,,,,,,,,,,,,,,,,,,,,
0.57723904,"globally[1,7](IFNβ(t) = c(mid)) and eventually[8,14]globally(IFNβ(t) > c(mid) implies IFNβ(t) > c(mid)) and eventually[14,inf](IFNβ(t) > c(mid) implies IFNβ(t) > c(mid))",,,,,,,0.59075224,"globally[1,7](IFNβ(t) = c(mid)) and eventually[8,14]globally(IFNβ(t) > c(mid)) and eventually[15,inf]globally(IFNβ(t) > c(high))",,,,,,,,,,,,,,,,,,,,,,,,,,,,,,,,,,,,,,,,,,,,,,,,,,,,,,,,,,,,,,,,,,,,,,,,,,,,
N/A,N/A,N/A,N/A,N/A,N/A,N/A,N/A,,,,,,,,,,,,,,,,,,,,,,,,,,,,,,,,,,,,,,,,,,,,,,,,,,,,,,,,,,,,,,,,,,,,,,,,,,,,,,
0.55704,"eventually[1,7]globally(IFNβ(t) = c(mid)) and eventually[8,14]globally(IFNβ(t) > c(high)) and eventually[15,inf]globally(IFNβ(t) > c(high)) and globally[1,7](IFNβ(t) = c(mid)) and globally[1,7](IFNβ(t) = c(mid)) and globally[1,7](IFNβ(t) = c(mid)) and eventually[8,14]globally(IFNβ(t) > c(high)) and eventually[15,inf]globally(IFNβ(t) > c(high)) and globally[1,7](IFNβ(t) = c(mid)) and globally[1,7](IFNβ(t) = c(mid)) and globally[1,7](IFNβ(t) = c(mid))",,,,,,,0.5685772,"eventually[1,7]globally(IFNβ(t) = c(mid)) and eventually[8,14]globally(IFNβ(t) > c(mid)) and eventually[14,inf]globally(IFNβ(t) > c(mid)) and eventually[1,7]globally(IFNβ(t) < c(mid)) and eventually[8,14]globally(IFNβ(t) > c(mid)) and eventually[14,inf]globally(IFNβ(t) > c(mid))",,,,,,,,,,,,,,,,,,,,,,,,,,,,,,,,,,,,,,,,,,,,,,,,,,,,,,,,,,,,,,,,,,,,,,,,,,,,
N/A,N/A,N/A,N/A,N/A,N/A,N/A,N/A,,,,,,,,,,,,,,,,,,,,,,,,,,,,,,,,,,,,,,,,,,,,,,,,,,,,,,,,,,,,,,,,,,,,,,,,,,,,,,
N/A,N/A,0.5899718,"globally[1,7](IFNβ(t) = c(mid)) and globally[1,7](IFNβ(t) > c(mid))",,,,,0.5992187,"IFNβ(t) = c(low) and globally[1,7](IFNβ(t) = c(mid)) and eventually[8,14]globally(IFNβ(t) > c(mid)) and eventually[14,inf]globally(IFNβ(t) > c(high))",,,,,,,,,,,,,,,,,,,,,,,,,,,,,,,,,,,,,,,,,,,,,,,,,,,,,,,,,,,,,,,,,,,,,,,,,,,,
